,approach,brier,fold,log
0,Tax,0.21113962,4,bpi_challenge_2012_w
1,Tax,0.20757984,3,bpi_challenge_2012_w
2,Tax,0.20466447,1,bpi_challenge_2012_w
3,Tax,0.21281171,2,bpi_challenge_2012_w
4,Tax,0.20930672,0,bpi_challenge_2012_w
5,Tax,0.24302892,4,env_permit
6,Tax,0.2285514,2,env_permit
7,Tax,0.22202554,3,env_permit
8,Tax,0.23265743,1,env_permit
9,Tax,0.23694128,0,env_permit
10,Tax,0.24111219,0,helpdesk
11,Tax,0.25067016,1,helpdesk
12,Tax,0.23787582,4,helpdesk
13,Tax,0.2638729,3,helpdesk
14,Tax,0.24686435,2,helpdesk
15,Tax,0.117314845,1,nasa
16,Tax,0.12181983,0,nasa
17,Tax,0.11923243,2,nasa
18,Tax,0.12294427,4,nasa
19,Tax,0.123075135,3,nasa
20,Tax,0.2222912,1,bpi_challenge_2012_o
21,Tax,0.22467932,3,bpi_challenge_2012_o
22,Tax,0.22200723,0,bpi_challenge_2012_o
23,Tax,0.22268616,4,bpi_challenge_2012_o
24,Tax,0.22858354,2,bpi_challenge_2012_o
25,Tax,0.47568303,4,bpi_challenge_2013_closed_problems
26,Tax,0.48220742,1,bpi_challenge_2013_closed_problems
27,Tax,0.4547037,3,bpi_challenge_2013_closed_problems
28,Tax,0.47577092,2,bpi_challenge_2013_closed_problems
29,Tax,0.47165954,0,bpi_challenge_2013_closed_problems
30,Tax,0.27580968,0,bpi_challenge_2012_complete
31,Tax,0.27295694,3,bpi_challenge_2012_complete
32,Tax,0.26856697,2,bpi_challenge_2012_complete
33,Tax,0.26797944,4,bpi_challenge_2012_complete
34,Tax,0.2679199,1,bpi_challenge_2012_complete
35,Tax,0.2524756,4,bpi_challenge_2012_a
36,Tax,0.25217697,0,bpi_challenge_2012_a
37,Tax,0.2574426,3,bpi_challenge_2012_a
38,Tax,0.24622421,2,bpi_challenge_2012_a
39,Tax,0.24508746,1,bpi_challenge_2012_a
40,Tax,0.40320474,2,bpi_challenge_2012_w_complete
41,Tax,0.40300757,0,bpi_challenge_2012_w_complete
42,Tax,0.39554423,1,bpi_challenge_2012_w_complete
43,Tax,0.4010808,4,bpi_challenge_2012_w_complete
44,Tax,0.39925048,3,bpi_challenge_2012_w_complete
45,Tax,0.4459579,0,sepsis
46,Tax,0.4500719,3,sepsis
47,Tax,0.4568745,2,sepsis
48,Tax,0.43945974,4,sepsis
49,Tax,0.47160015,1,sepsis
50,Tax,0.38442004,2,bpi_challenge_2013_incidents
51,Tax,0.38571566,3,bpi_challenge_2013_incidents
52,Tax,0.38125888,1,bpi_challenge_2013_incidents
53,Tax,0.38100624,4,bpi_challenge_2013_incidents
54,Tax,0.37972018,0,bpi_challenge_2013_incidents
55,Tax,0.18860982,3,bpi_challenge_2012
56,Tax,0.18583684,2,bpi_challenge_2012
57,Tax,0.18328792,4,bpi_challenge_2012
58,Tax,0.18127155,1,bpi_challenge_2012
59,Tax,0.19062391,0,bpi_challenge_2012
60,Evermann,0.3931212027989425,1,bpi_challenge_2012_w
61,Evermann,0.385174931121342,2,bpi_challenge_2012_w
62,Evermann,0.3908992001607535,3,bpi_challenge_2012_w
63,Evermann,0.3873438669155558,4,bpi_challenge_2012_w
64,Evermann,0.38660174450412393,0,bpi_challenge_2012_w
65,Evermann,0.44205920076553773,3,env_permit
66,Evermann,0.4324881341752689,4,env_permit
67,Evermann,0.4469387854376077,2,env_permit
68,Evermann,0.4653945382618933,1,env_permit
69,Evermann,0.44912708044300975,0,env_permit
70,Evermann,0.28463520985365875,1,helpdesk
71,Evermann,0.2778636586470382,0,helpdesk
72,Evermann,0.2893993135389515,2,helpdesk
73,Evermann,0.27282762755629314,4,helpdesk
74,Evermann,0.3029852316187899,3,helpdesk
75,Evermann,0.909597114993556,2,nasa
76,Evermann,0.9110024405271867,1,nasa
77,Evermann,0.9056745172534619,0,nasa
78,Evermann,0.9036156620398527,3,nasa
79,Evermann,0.9033818729988566,4,nasa
80,Evermann,0.27777631522922425,0,bpi_challenge_2012_o
81,Evermann,0.27851539100920075,1,bpi_challenge_2012_o
82,Evermann,0.28045920791678186,2,bpi_challenge_2012_o
83,Evermann,0.2831725616594542,3,bpi_challenge_2012_o
84,Evermann,0.28605833133358227,4,bpi_challenge_2012_o
85,Evermann,0.5395121620938957,2,bpi_challenge_2013_closed_problems
86,Evermann,0.5320307113885304,1,bpi_challenge_2013_closed_problems
87,Evermann,0.5306609342438711,3,bpi_challenge_2013_closed_problems
88,Evermann,0.5201216571098933,4,bpi_challenge_2013_closed_problems
89,Evermann,0.541775067092237,0,bpi_challenge_2013_closed_problems
90,Evermann,0.5731883058666103,4,bpi_challenge_2012_complete
91,Evermann,0.5801750545965376,0,bpi_challenge_2012_complete
92,Evermann,0.5747780187412822,3,bpi_challenge_2012_complete
93,Evermann,0.5706444071195107,1,bpi_challenge_2012_complete
94,Evermann,0.571275705395709,2,bpi_challenge_2012_complete
95,Evermann,0.32129245802090367,4,bpi_challenge_2012_a
96,Evermann,0.31897119607873625,0,bpi_challenge_2012_a
97,Evermann,0.31553932871917983,2,bpi_challenge_2012_a
98,Evermann,0.31533805947262705,3,bpi_challenge_2012_a
99,Evermann,0.3128470905543631,1,bpi_challenge_2012_a
100,Evermann,0.45601641262106135,3,bpi_challenge_2012_w_complete
101,Evermann,0.45745239997661097,0,bpi_challenge_2012_w_complete
102,Evermann,0.44727151372010815,1,bpi_challenge_2012_w_complete
103,Evermann,0.4614187578869861,4,bpi_challenge_2012_w_complete
104,Evermann,0.4574309578179249,2,bpi_challenge_2012_w_complete
105,Evermann,0.7653030833011852,2,sepsis
106,Evermann,0.7798174020681009,3,sepsis
107,Evermann,0.7752326694483506,4,sepsis
108,Evermann,0.7907364807371344,0,sepsis
109,Evermann,0.7683991953477302,1,sepsis
110,Evermann,0.4699211389550416,0,bpi_challenge_2013_incidents
111,Evermann,0.4682140531602307,4,bpi_challenge_2013_incidents
112,Evermann,0.4740382222843927,2,bpi_challenge_2013_incidents
113,Evermann,0.47335560833268375,1,bpi_challenge_2013_incidents
114,Evermann,0.47246257075367615,3,bpi_challenge_2013_incidents
115,Evermann,0.6132390000048203,3,bpi_challenge_2012
116,Evermann,0.6106909132221915,2,bpi_challenge_2012
117,Evermann,0.616340407123753,0,bpi_challenge_2012
118,Evermann,0.6053729851140884,1,bpi_challenge_2012
119,Evermann,0.6191352276212748,4,bpi_challenge_2012
120,Pasquadibisceglie,0.28721887,1,bpi_challenge_2012_w
121,Pasquadibisceglie,0.27859247,3,bpi_challenge_2012_w
122,Pasquadibisceglie,0.29609028,0,bpi_challenge_2012_w
123,Pasquadibisceglie,0.26741117,4,bpi_challenge_2012_w
124,Pasquadibisceglie,0.2784565,2,bpi_challenge_2012_w
125,Pasquadibisceglie,0.24004468,0,env_permit
126,Pasquadibisceglie,0.23833974,4,env_permit
127,Pasquadibisceglie,0.24670687,2,env_permit
128,Pasquadibisceglie,0.23050328,1,env_permit
129,Pasquadibisceglie,0.219781,3,env_permit
130,Pasquadibisceglie,0.24096733,1,helpdesk
131,Pasquadibisceglie,0.23570055,4,helpdesk
132,Pasquadibisceglie,0.2401092,2,helpdesk
133,Pasquadibisceglie,0.26591763,3,helpdesk
134,Pasquadibisceglie,0.23289926,0,helpdesk
135,Pasquadibisceglie,0.14659818,3,nasa
136,Pasquadibisceglie,0.13476487,2,nasa
137,Pasquadibisceglie,0.13512294,1,nasa
138,Pasquadibisceglie,0.14311308,4,nasa
139,Pasquadibisceglie,0.14704083,0,nasa
140,Pasquadibisceglie,0.27120322,0,bpi_challenge_2012_o
141,Pasquadibisceglie,0.28143865,4,bpi_challenge_2012_o
142,Pasquadibisceglie,0.27433035,1,bpi_challenge_2012_o
143,Pasquadibisceglie,0.27290255,2,bpi_challenge_2012_o
144,Pasquadibisceglie,0.28693867,3,bpi_challenge_2012_o
145,Pasquadibisceglie,0.65415794,1,bpi_challenge_2013_closed_problems
146,Pasquadibisceglie,0.6337038,3,bpi_challenge_2013_closed_problems
147,Pasquadibisceglie,0.635604,2,bpi_challenge_2013_closed_problems
148,Pasquadibisceglie,0.6810076,0,bpi_challenge_2013_closed_problems
149,Pasquadibisceglie,0.6728554,4,bpi_challenge_2013_closed_problems
150,Pasquadibisceglie,0.36233696,3,bpi_challenge_2012_complete
151,Pasquadibisceglie,0.3511422,2,bpi_challenge_2012_complete
152,Pasquadibisceglie,0.36385608,0,bpi_challenge_2012_complete
153,Pasquadibisceglie,0.36432064,1,bpi_challenge_2012_complete
154,Pasquadibisceglie,0.34951007,4,bpi_challenge_2012_complete
155,Pasquadibisceglie,0.32288662,3,bpi_challenge_2012_a
156,Pasquadibisceglie,0.31751972,2,bpi_challenge_2012_a
157,Pasquadibisceglie,0.32047725,0,bpi_challenge_2012_a
158,Pasquadibisceglie,0.321538,4,bpi_challenge_2012_a
159,Pasquadibisceglie,0.3211319,1,bpi_challenge_2012_a
160,Pasquadibisceglie,0.43721685,4,bpi_challenge_2012_w_complete
161,Pasquadibisceglie,0.4649379,0,bpi_challenge_2012_w_complete
162,Pasquadibisceglie,0.4459826,3,bpi_challenge_2012_w_complete
163,Pasquadibisceglie,0.4345124,1,bpi_challenge_2012_w_complete
164,Pasquadibisceglie,0.43320775,2,bpi_challenge_2012_w_complete
165,Pasquadibisceglie,0.6208941,1,sepsis
166,Pasquadibisceglie,0.61130863,2,sepsis
167,Pasquadibisceglie,0.6542869,3,sepsis
168,Pasquadibisceglie,0.59828,4,sepsis
169,Pasquadibisceglie,0.5992932,0,sepsis
170,Pasquadibisceglie,0.7022959,2,bpi_challenge_2013_incidents
171,Pasquadibisceglie,0.6881482,0,bpi_challenge_2013_incidents
172,Pasquadibisceglie,0.70776397,4,bpi_challenge_2013_incidents
173,Pasquadibisceglie,0.6855435,1,bpi_challenge_2013_incidents
174,Pasquadibisceglie,0.7170536,3,bpi_challenge_2013_incidents
175,Pasquadibisceglie,0.2235106,4,bpi_challenge_2012
176,Pasquadibisceglie,0.22673117,0,bpi_challenge_2012
177,Pasquadibisceglie,0.22283073,3,bpi_challenge_2012
178,Pasquadibisceglie,0.23370388,1,bpi_challenge_2012
179,Pasquadibisceglie,0.22218107,2,bpi_challenge_2012
180,Mauro,0.206984,3,bpi_challenge_2012_w
181,Mauro,0.208856,4,bpi_challenge_2012_w
182,Mauro,0.210059,2,bpi_challenge_2012_w
183,Mauro,0.204922,0,bpi_challenge_2012_w
184,Mauro,0.202781,1,bpi_challenge_2012_w
185,Mauro,0.755718,0,env_permit
186,Mauro,0.814366,4,env_permit
187,Mauro,0.776077,2,env_permit
188,Mauro,0.763635,1,env_permit
189,Mauro,0.777239,3,env_permit
190,Mauro,1.099236,1,helpdesk
191,Mauro,0.915398,4,helpdesk
192,Mauro,1.066962,0,helpdesk
193,Mauro,0.94371,3,helpdesk
194,Mauro,1.065469,2,helpdesk
195,Mauro,1.140743,3,nasa
196,Mauro,0.944143,2,nasa
197,Mauro,0.94505,1,nasa
198,Mauro,0.942648,4,nasa
199,Mauro,0.941482,0,nasa
200,Mauro,0.225774,4,bpi_challenge_2012_o
201,Mauro,0.221078,1,bpi_challenge_2012_o
202,Mauro,0.224554,3,bpi_challenge_2012_o
203,Mauro,0.220516,0,bpi_challenge_2012_o
204,Mauro,0.21965,2,bpi_challenge_2012_o
205,Mauro,0.872681,3,bpi_challenge_2013_closed_problems
206,Mauro,0.862433,4,bpi_challenge_2013_closed_problems
207,Mauro,0.863069,0,bpi_challenge_2013_closed_problems
208,Mauro,0.871136,2,bpi_challenge_2013_closed_problems
209,Mauro,0.859893,1,bpi_challenge_2013_closed_problems
210,Mauro,0.271791,1,bpi_challenge_2012_complete
211,Mauro,0.280449,0,bpi_challenge_2012_complete
212,Mauro,0.275238,3,bpi_challenge_2012_complete
213,Mauro,0.276441,4,bpi_challenge_2012_complete
214,Mauro,0.274566,2,bpi_challenge_2012_complete
215,Mauro,0.248814,4,bpi_challenge_2012_a
216,Mauro,0.24654,1,bpi_challenge_2012_a
217,Mauro,0.247471,0,bpi_challenge_2012_a
218,Mauro,0.247658,3,bpi_challenge_2012_a
219,Mauro,0.246092,2,bpi_challenge_2012_a
220,Mauro,0.429071,4,bpi_challenge_2012_w_complete
221,Mauro,0.420648,0,bpi_challenge_2012_w_complete
222,Mauro,0.41744,1,bpi_challenge_2012_w_complete
223,Mauro,0.416938,3,bpi_challenge_2012_w_complete
224,Mauro,0.425583,2,bpi_challenge_2012_w_complete
225,Mauro,0.571349,2,sepsis
226,Mauro,0.488228,0,sepsis
227,Mauro,0.575592,3,sepsis
228,Mauro,0.459539,4,sepsis
229,Mauro,0.50515,1,sepsis
230,Mauro,0.913352,2,bpi_challenge_2013_incidents
231,Mauro,0.912883,0,bpi_challenge_2013_incidents
232,Mauro,0.90951,4,bpi_challenge_2013_incidents
233,Mauro,0.895833,1,bpi_challenge_2013_incidents
234,Mauro,0.880266,3,bpi_challenge_2013_incidents
235,Mauro,0.283901,1,bpi_challenge_2012
236,Mauro,0.1926,0,bpi_challenge_2012
237,Mauro,0.190039,3,bpi_challenge_2012
238,Mauro,0.188209,4,bpi_challenge_2012
239,Mauro,0.191184,2,bpi_challenge_2012
240,Hinkka,0.09879685850331756,1,bpi_challenge_2012_w
241,Hinkka,0.10217530540386445,3,bpi_challenge_2012_w
242,Hinkka,0.10054832570669853,0,bpi_challenge_2012_w
243,Hinkka,0.10068942333345596,2,bpi_challenge_2012_w
244,Hinkka,0.10349497062020063,4,bpi_challenge_2012_w
245,Hinkka,0.36892337792425717,3,env_permit
246,Hinkka,0.3908349699059491,1,env_permit
247,Hinkka,0.374056146085133,0,env_permit
248,Hinkka,0.38866963294357526,2,env_permit
249,Hinkka,0.3780233960916304,4,env_permit
250,Hinkka,0.4393994925369302,3,helpdesk
251,Hinkka,0.4532039578218185,2,helpdesk
252,Hinkka,0.44132249203199553,1,helpdesk
253,Hinkka,0.44885445443304034,4,helpdesk
254,Hinkka,0.46057832318039865,0,helpdesk
255,Hinkka,0.1437135236269327,0,nasa
256,Hinkka,0.13531403049497304,4,nasa
257,Hinkka,0.13724442601393155,2,nasa
258,Hinkka,0.13808801566379114,3,nasa
259,Hinkka,0.13464618059867758,1,nasa
260,Hinkka,0.30345203067121373,1,bpi_challenge_2012_o
261,Hinkka,0.3302111403218788,2,bpi_challenge_2012_o
262,Hinkka,0.3235701555075741,0,bpi_challenge_2012_o
263,Hinkka,0.293891322169114,3,bpi_challenge_2012_o
264,Hinkka,0.33021428407131886,4,bpi_challenge_2012_o
265,Hinkka,0.6122544198975641,4,bpi_challenge_2013_closed_problems
266,Hinkka,0.6347791915702298,0,bpi_challenge_2013_closed_problems
267,Hinkka,0.7065334302818774,1,bpi_challenge_2013_closed_problems
268,Hinkka,0.6261262057799943,3,bpi_challenge_2013_closed_problems
269,Hinkka,0.683721179271811,2,bpi_challenge_2013_closed_problems
270,Hinkka,0.20692617498672347,1,bpi_challenge_2012_complete
271,Hinkka,0.206480147166022,2,bpi_challenge_2012_complete
272,Hinkka,0.17695766833501927,4,bpi_challenge_2012_complete
273,Hinkka,0.23170106343137353,0,bpi_challenge_2012_complete
274,Hinkka,0.24177954932699913,3,bpi_challenge_2012_complete
275,Hinkka,0.30727517586936276,0,bpi_challenge_2012_a
276,Hinkka,0.32579087642813936,4,bpi_challenge_2012_a
277,Hinkka,0.33813633223824796,3,bpi_challenge_2012_a
278,Hinkka,0.32001122886162936,2,bpi_challenge_2012_a
279,Hinkka,0.3220471611194747,1,bpi_challenge_2012_a
280,Hinkka,0.20731889906336515,1,bpi_challenge_2012_w_complete
281,Hinkka,0.20529289478360005,4,bpi_challenge_2012_w_complete
282,Hinkka,0.18775461911343808,3,bpi_challenge_2012_w_complete
283,Hinkka,0.21224665535579507,0,bpi_challenge_2012_w_complete
284,Hinkka,0.18479370604788525,2,bpi_challenge_2012_w_complete
285,Hinkka,0.3243704172541026,1,sepsis
286,Hinkka,0.352238340531887,4,sepsis
287,Hinkka,0.34078277241370913,2,sepsis
288,Hinkka,0.33080314116694237,0,sepsis
289,Hinkka,0.33163293062408616,3,sepsis
290,Hinkka,0.34962009934405197,1,bpi_challenge_2013_incidents
291,Hinkka,0.3401494694010961,0,bpi_challenge_2013_incidents
292,Hinkka,0.3403490686707354,2,bpi_challenge_2013_incidents
293,Hinkka,0.3278910876605494,3,bpi_challenge_2013_incidents
294,Hinkka,0.3499177115078654,4,bpi_challenge_2013_incidents
295,Hinkka,0.147940993959795,4,bpi_challenge_2012
296,Hinkka,0.15502801499970642,0,bpi_challenge_2012
297,Hinkka,0.15940205179155376,1,bpi_challenge_2012
298,Hinkka,0.11098975926133033,2,bpi_challenge_2012
299,Hinkka,0.13987385541973046,3,bpi_challenge_2012
300,Theis_resource,0.20850419226812725,2,bpi_challenge_2012_w
301,Theis_resource,0.2272484650706043,1,bpi_challenge_2012_w
302,Theis_resource,0.2056559566729758,4,bpi_challenge_2012_w
303,Theis_resource,0.1956622047436324,3,bpi_challenge_2012_w
304,Theis_resource,0.2201341719296236,0,bpi_challenge_2012_w
305,Theis_resource,0.21250310941721387,3,env_permit
306,Theis_resource,0.23141703034343233,4,env_permit
307,Theis_resource,0.22225033297433586,1,env_permit
308,Theis_resource,0.2331069822220593,0,env_permit
309,Theis_resource,0.23908255318597132,2,env_permit
310,Theis_resource,0.3302242908875519,3,helpdesk
311,Theis_resource,0.3062334133527523,2,helpdesk
312,Theis_resource,0.30812851093499793,0,helpdesk
313,Theis_resource,0.30195825499236784,1,helpdesk
314,Theis_resource,0.2966600840472637,4,helpdesk
315,Theis_resource,0.17537682508220973,3,nasa
316,Theis_resource,0.17068008999320447,0,nasa
317,Theis_resource,0.16955513618277637,1,nasa
318,Theis_resource,0.1741609275684889,2,nasa
319,Theis_resource,0.17469812806414675,4,nasa
320,Theis_resource,0.30248142273449774,3,bpi_challenge_2012_o
321,Theis_resource,0.30721105610519245,4,bpi_challenge_2012_o
322,Theis_resource,0.29102184869349257,1,bpi_challenge_2012_o
323,Theis_resource,0.3001273440278483,2,bpi_challenge_2012_o
324,Theis_resource,0.2850662883486018,0,bpi_challenge_2012_o
325,Theis_resource,0.6802848194918872,1,bpi_challenge_2013_closed_problems
326,Theis_resource,0.638169254294367,2,bpi_challenge_2013_closed_problems
327,Theis_resource,0.6263745966554444,4,bpi_challenge_2013_closed_problems
328,Theis_resource,0.5581990138590998,3,bpi_challenge_2013_closed_problems
329,Theis_resource,0.6040896856091436,0,bpi_challenge_2013_closed_problems
330,Theis_resource,0.3400443677086895,0,bpi_challenge_2012_complete
331,Theis_resource,0.34087420808905633,3,bpi_challenge_2012_complete
332,Theis_resource,0.33448821260921763,2,bpi_challenge_2012_complete
333,Theis_resource,0.34342915786225225,4,bpi_challenge_2012_complete
334,Theis_resource,0.3345822921252421,1,bpi_challenge_2012_complete
335,Theis_resource,0.42529483919740757,4,bpi_challenge_2012_a
336,Theis_resource,0.41854247973265685,2,bpi_challenge_2012_a
337,Theis_resource,0.4224184832634298,1,bpi_challenge_2012_a
338,Theis_resource,0.4252764843043503,3,bpi_challenge_2012_a
339,Theis_resource,0.4199393641428515,0,bpi_challenge_2012_a
340,Theis_resource,0.23686841547844636,4,bpi_challenge_2012_w_complete
341,Theis_resource,0.2187674363542841,2,bpi_challenge_2012_w_complete
342,Theis_resource,0.23509009131207592,1,bpi_challenge_2012_w_complete
343,Theis_resource,0.23841173121441683,3,bpi_challenge_2012_w_complete
344,Theis_resource,0.23216980297506604,0,bpi_challenge_2012_w_complete
345,Theis_resource,0.5043498022274853,4,sepsis
346,Theis_resource,0.5263520146123827,3,sepsis
347,Theis_resource,0.5547356502098945,1,sepsis
348,Theis_resource,0.523246008273256,2,sepsis
349,Theis_resource,0.5002209590553273,0,sepsis
350,Theis_resource,0.659274176688659,0,bpi_challenge_2013_incidents
351,Theis_resource,0.6422919930875108,2,bpi_challenge_2013_incidents
352,Theis_resource,0.6618295619299069,4,bpi_challenge_2013_incidents
353,Theis_resource,0.6694967134885881,1,bpi_challenge_2013_incidents
354,Theis_resource,0.6697637180674496,3,bpi_challenge_2013_incidents
355,Theis_resource,0.25611713603492187,4,bpi_challenge_2012
356,Theis_resource,0.2592202320518369,0,bpi_challenge_2012
357,Theis_resource,0.26163589690221434,3,bpi_challenge_2012
358,Theis_resource,0.25865610710326886,1,bpi_challenge_2012
359,Theis_resource,0.2559534133594964,2,bpi_challenge_2012
360,Theis_no_resource,0.20267792423632805,2,bpi_challenge_2012_w
361,Theis_no_resource,0.20371355221867565,1,bpi_challenge_2012_w
362,Theis_no_resource,0.23802024839456346,4,bpi_challenge_2012_w
363,Theis_no_resource,0.2732620248159675,3,bpi_challenge_2012_w
364,Theis_no_resource,0.19394817580936022,0,bpi_challenge_2012_w
365,Theis_no_resource,0.21340896979327234,3,env_permit
366,Theis_no_resource,0.21774635249047367,4,env_permit
367,Theis_no_resource,0.2312665567774914,1,env_permit
368,Theis_no_resource,0.2395154800272889,0,env_permit
369,Theis_no_resource,0.21851484688680567,2,env_permit
370,Theis_no_resource,0.3510822074617962,3,helpdesk
371,Theis_no_resource,0.32476419380295213,2,helpdesk
372,Theis_no_resource,0.3176476160035901,0,helpdesk
373,Theis_no_resource,0.3205643801569053,1,helpdesk
374,Theis_no_resource,0.3227472746103133,4,helpdesk
375,Theis_no_resource,0.12701338983062846,3,nasa
376,Theis_no_resource,0.12678053379972534,0,nasa
377,Theis_no_resource,0.12712400088695172,1,nasa
378,Theis_no_resource,0.1261391051129183,2,nasa
379,Theis_no_resource,0.12578077592471665,4,nasa
380,Theis_no_resource,0.27849974214402795,3,bpi_challenge_2012_o
381,Theis_no_resource,0.28432555316037017,4,bpi_challenge_2012_o
382,Theis_no_resource,0.27759589102219484,1,bpi_challenge_2012_o
383,Theis_no_resource,0.2767785978547846,2,bpi_challenge_2012_o
384,Theis_no_resource,0.27790291519831506,0,bpi_challenge_2012_o
385,Theis_no_resource,0.5798849493230656,1,bpi_challenge_2013_closed_problems
386,Theis_no_resource,0.583046267997872,2,bpi_challenge_2013_closed_problems
387,Theis_no_resource,0.5523208743784842,4,bpi_challenge_2013_closed_problems
388,Theis_no_resource,0.5277972635976661,3,bpi_challenge_2013_closed_problems
389,Theis_no_resource,0.5558577454211735,0,bpi_challenge_2013_closed_problems
390,Theis_no_resource,0.34342890255371944,0,bpi_challenge_2012_complete
391,Theis_no_resource,0.34027124885018756,3,bpi_challenge_2012_complete
392,Theis_no_resource,0.337981271510174,2,bpi_challenge_2012_complete
393,Theis_no_resource,0.3362331147421232,4,bpi_challenge_2012_complete
394,Theis_no_resource,0.3358643917639018,1,bpi_challenge_2012_complete
395,Theis_no_resource,0.42368299663991865,4,bpi_challenge_2012_a
396,Theis_no_resource,0.4243148473355465,2,bpi_challenge_2012_a
397,Theis_no_resource,0.42104738798920427,1,bpi_challenge_2012_a
398,Theis_no_resource,0.43021030769281654,3,bpi_challenge_2012_a
399,Theis_no_resource,0.4189095026951955,0,bpi_challenge_2012_a
400,Theis_no_resource,0.29746368338931334,4,bpi_challenge_2012_w_complete
401,Theis_no_resource,0.28827097974153787,2,bpi_challenge_2012_w_complete
402,Theis_no_resource,0.2982761522404547,1,bpi_challenge_2012_w_complete
403,Theis_no_resource,0.2923772504702935,3,bpi_challenge_2012_w_complete
404,Theis_no_resource,0.2978562244055679,0,bpi_challenge_2012_w_complete
405,Theis_no_resource,0.5228081774669705,4,sepsis
406,Theis_no_resource,0.5402998415912175,3,sepsis
407,Theis_no_resource,0.5729964364004807,1,sepsis
408,Theis_no_resource,0.543939524495933,2,sepsis
409,Theis_no_resource,0.5039363861553873,0,sepsis
410,Theis_no_resource,0.5037947698309571,0,bpi_challenge_2013_incidents
411,Theis_no_resource,0.5036933097358215,2,bpi_challenge_2013_incidents
412,Theis_no_resource,0.5083833882194893,4,bpi_challenge_2013_incidents
413,Theis_no_resource,0.5079004869656126,1,bpi_challenge_2013_incidents
414,Theis_no_resource,0.505176775560512,3,bpi_challenge_2013_incidents
415,Theis_no_resource,0.2250554388249496,4,bpi_challenge_2012
416,Theis_no_resource,0.22823525511072038,0,bpi_challenge_2012
417,Theis_no_resource,0.2522578487486481,3,bpi_challenge_2012
418,Theis_no_resource,0.2172021534643724,1,bpi_challenge_2012
419,Theis_no_resource,0.22446970501078986,2,bpi_challenge_2012
420,Camargo,0.2748815850944379,0,bpi_challenge_2012_w
421,Camargo,0.2787497769876984,1,bpi_challenge_2012_w
422,Camargo,0.3922549713229727,2,bpi_challenge_2012_w
423,Camargo,0.2625662809436229,3,bpi_challenge_2012_w
424,Camargo,0.4364179035870081,4,bpi_challenge_2012_w
425,Camargo,0.2377307339022721,0,env_permit
426,Camargo,0.2385372725310412,1,env_permit
427,Camargo,0.2336852073891986,2,env_permit
428,Camargo,0.20168974214327176,3,env_permit
429,Camargo,0.2186735281824821,4,env_permit
430,Camargo,0.2650717472617234,0,helpdesk
431,Camargo,0.2691264777923327,1,helpdesk
432,Camargo,0.2666787829466104,2,helpdesk
433,Camargo,0.28529867785366586,3,helpdesk
434,Camargo,0.25782776173627964,4,helpdesk
435,Camargo,0.22646842153605426,0,bpi_challenge_2012_o
436,Camargo,0.2196141148030945,1,bpi_challenge_2012_o
437,Camargo,0.22376740751642715,2,bpi_challenge_2012_o
438,Camargo,0.2126212364228078,3,bpi_challenge_2012_o
439,Camargo,0.2381944870718164,4,bpi_challenge_2012_o
440,Camargo,0.5936989791043821,0,bpi_challenge_2013_closed_problems
441,Camargo,0.5795537870085422,1,bpi_challenge_2013_closed_problems
442,Camargo,0.6060282090893827,2,bpi_challenge_2013_closed_problems
443,Camargo,0.566825791557923,3,bpi_challenge_2013_closed_problems
444,Camargo,0.5602556749710393,4,bpi_challenge_2013_closed_problems
445,Camargo,0.30490402545915873,0,bpi_challenge_2012_complete
446,Camargo,0.2999636867091925,1,bpi_challenge_2012_complete
447,Camargo,0.295413508552532,2,bpi_challenge_2012_complete
448,Camargo,0.30921605798733176,3,bpi_challenge_2012_complete
449,Camargo,0.3025264890884289,4,bpi_challenge_2012_complete
450,Camargo,0.28109015402902504,0,bpi_challenge_2012_a
451,Camargo,0.2731492460064617,1,bpi_challenge_2012_a
452,Camargo,0.2796908116266964,2,bpi_challenge_2012_a
453,Camargo,0.2685569013141757,3,bpi_challenge_2012_a
454,Camargo,0.2804516618784226,4,bpi_challenge_2012_a
455,Camargo,0.4837972329788783,0,bpi_challenge_2012_w_complete
456,Camargo,0.5130897006501787,1,bpi_challenge_2012_w_complete
457,Camargo,0.3856506038478881,2,bpi_challenge_2012_w_complete
458,Camargo,0.4340826923492873,3,bpi_challenge_2012_w_complete
459,Camargo,0.3922346564394977,4,bpi_challenge_2012_w_complete
460,Camargo,0.4499221293225665,0,bpi_challenge_2013_incidents
461,Camargo,0.4520710734345564,1,bpi_challenge_2013_incidents
462,Camargo,0.44506007840398104,2,bpi_challenge_2013_incidents
463,Camargo,0.4470400057006966,3,bpi_challenge_2013_incidents
464,Camargo,0.4433586558422031,4,bpi_challenge_2013_incidents
465,Camargo,0.22532250451411576,0,bpi_challenge_2012
466,Camargo,0.2153713067308805,1,bpi_challenge_2012
467,Camargo,0.20698488678630467,2,bpi_challenge_2012
468,Camargo,0.2199910553146804,3,bpi_challenge_2012
469,Camargo,0.2260981487198736,4,bpi_challenge_2012
470,Khan,0.883779929663732,1,bpi_challenge_2012_w
471,Khan,0.6560809760379654,3,bpi_challenge_2012_w
472,Khan,0.38428501112341873,0,bpi_challenge_2012_w
473,Khan,0.5396051706063543,2,bpi_challenge_2012_w
474,Khan,0.5220307576857075,4,bpi_challenge_2012_w
475,Khan,0.24732231878697475,3,env_permit
476,Khan,0.26501316425889804,1,env_permit
477,Khan,0.28765864890163684,0,env_permit
478,Khan,0.2685129495738244,2,env_permit
479,Khan,0.2821106550885166,4,env_permit
480,Khan,0.33508465139590327,3,helpdesk
481,Khan,0.30944632023236224,2,helpdesk
482,Khan,0.3140120489537178,1,helpdesk
483,Khan,0.3015852476370677,4,helpdesk
484,Khan,0.3064866732172491,0,helpdesk
485,Khan,1.520339452836181,0,nasa
486,Khan,1.4107138515922404,4,nasa
487,Khan,1.3135255137683683,2,nasa
488,Khan,1.398990968145668,3,nasa
489,Khan,1.3766853315507641,1,nasa
490,Khan,0.23796176683629816,1,bpi_challenge_2012_o
491,Khan,0.36478823876074273,2,bpi_challenge_2012_o
492,Khan,0.24994059728840123,0,bpi_challenge_2012_o
493,Khan,1.0660813811752115,3,bpi_challenge_2012_o
494,Khan,0.6602438979695955,4,bpi_challenge_2012_o
495,Khan,0.7546819181719574,4,bpi_challenge_2013_closed_problems
496,Khan,0.7606677510517929,0,bpi_challenge_2013_closed_problems
497,Khan,0.6261012338006187,1,bpi_challenge_2013_closed_problems
498,Khan,0.6698228604410005,3,bpi_challenge_2013_closed_problems
499,Khan,0.7349685479971693,2,bpi_challenge_2013_closed_problems
500,Khan,0.9906153587925349,1,bpi_challenge_2012_complete
501,Khan,0.6737872480860261,2,bpi_challenge_2012_complete
502,Khan,0.6881635693593805,4,bpi_challenge_2012_complete
503,Khan,0.9830079446674383,0,bpi_challenge_2012_complete
504,Khan,0.6657139466141493,3,bpi_challenge_2012_complete
505,Khan,0.3061110370240532,0,bpi_challenge_2012_a
506,Khan,0.3077449128045012,4,bpi_challenge_2012_a
507,Khan,0.31194359631482327,3,bpi_challenge_2012_a
508,Khan,0.30593274429026523,2,bpi_challenge_2012_a
509,Khan,0.3053559030340894,1,bpi_challenge_2012_a
510,Khan,0.44942306098870566,1,bpi_challenge_2012_w_complete
511,Khan,0.46808320239742846,4,bpi_challenge_2012_w_complete
512,Khan,0.6376492082076326,3,bpi_challenge_2012_w_complete
513,Khan,0.910900088160893,0,bpi_challenge_2012_w_complete
514,Khan,0.8693649581645374,2,bpi_challenge_2012_w_complete
515,Khan,1.2624285151868269,1,sepsis
516,Khan,1.4787557764732029,4,sepsis
517,Khan,1.1777348067456568,2,sepsis
518,Khan,1.081455143851775,0,sepsis
519,Khan,0.8470943144464658,3,sepsis
520,Khan,0.7146631402410544,1,bpi_challenge_2013_incidents
521,Khan,0.5395055424620571,0,bpi_challenge_2013_incidents
522,Khan,1.1033314849350513,2,bpi_challenge_2013_incidents
523,Khan,0.5387988309813508,3,bpi_challenge_2013_incidents
524,Khan,0.6338389925794975,4,bpi_challenge_2013_incidents
525,Khan,0.39375196358950976,4,bpi_challenge_2012
526,Khan,1.2169263340070902,0,bpi_challenge_2012
527,Khan,1.919619008992034,1,bpi_challenge_2012
528,Khan,0.7622997066631201,2,bpi_challenge_2012
529,Khan,0.31151111760792555,3,bpi_challenge_2012
