,approach,fold,log,mcc
0,Tax,1,nasa,0.8966347754220675
1,Tax,0,nasa,0.8934196736798728
2,Tax,2,nasa,0.8953819087605922
3,Tax,4,nasa,0.8891620194992715
4,Tax,3,nasa,0.8912075498123944
5,Tax,0,bpi_challenge_2012_complete,0.785207093916255
6,Tax,3,bpi_challenge_2012_complete,0.7881452208796565
7,Tax,2,bpi_challenge_2012_complete,0.7878209885654263
8,Tax,4,bpi_challenge_2012_complete,0.7919815282558472
9,Tax,1,bpi_challenge_2012_complete,0.7922401110115728
10,Tax,4,bpi_challenge_2012_a,0.7759343001523866
11,Tax,0,bpi_challenge_2012_a,0.7794162628099952
12,Tax,3,bpi_challenge_2012_a,0.7593849786546422
13,Tax,2,bpi_challenge_2012_a,0.7811608069663434
14,Tax,1,bpi_challenge_2012_a,0.7784602519131705
15,Tax,2,bpi_challenge_2013_incidents,0.6238488208152697
16,Tax,3,bpi_challenge_2013_incidents,0.6217344481073409
17,Tax,1,bpi_challenge_2013_incidents,0.627684915394434
18,Tax,4,bpi_challenge_2013_incidents,0.6262143840468339
19,Tax,0,bpi_challenge_2013_incidents,0.6329697001478972
20,Tax,0,helpdesk,0.8078365019226016
21,Tax,1,helpdesk,0.8037875978901602
22,Tax,4,helpdesk,0.8062865701197085
23,Tax,3,helpdesk,0.787124204510402
24,Tax,2,helpdesk,0.8024239992416443
25,Tax,3,bpi_challenge_2012,0.8460840302385578
26,Tax,2,bpi_challenge_2012,0.8484295478468485
27,Tax,4,bpi_challenge_2012,0.8509905259478721
28,Tax,1,bpi_challenge_2012,0.8512716501904111
29,Tax,0,bpi_challenge_2012,0.8421568325966015
30,Tax,4,env_permit,0.8205142072560754
31,Tax,2,env_permit,0.8387522268881072
32,Tax,3,env_permit,0.8422202778517267
33,Tax,1,env_permit,0.8392794178922458
34,Tax,0,env_permit,0.831700933155286
35,Tax,4,bpi_challenge_2012_w,0.8343173163100234
36,Tax,3,bpi_challenge_2012_w,0.8408214062304383
37,Tax,1,bpi_challenge_2012_w,0.8416206298246363
38,Tax,2,bpi_challenge_2012_w,0.8345638480430483
39,Tax,0,bpi_challenge_2012_w,0.8407402107939139
40,Tax,2,bpi_challenge_2012_w_complete,0.6051071619845422
41,Tax,0,bpi_challenge_2012_w_complete,0.6124240309116789
42,Tax,1,bpi_challenge_2012_w_complete,0.6312875078776756
43,Tax,4,bpi_challenge_2012_w_complete,0.6253933820958322
44,Tax,3,bpi_challenge_2012_w_complete,0.618372087742811
45,Tax,0,sepsis,0.6027088497568389
46,Tax,3,sepsis,0.5856774535552542
47,Tax,2,sepsis,0.5750511165256341
48,Tax,4,sepsis,0.597136621255387
49,Tax,1,sepsis,0.5730240078290926
50,Tax,4,bpi_challenge_2013_closed_problems,0.5601415030877667
51,Tax,1,bpi_challenge_2013_closed_problems,0.5666511569010382
52,Tax,3,bpi_challenge_2013_closed_problems,0.5670838569139228
53,Tax,2,bpi_challenge_2013_closed_problems,0.5549465779999657
54,Tax,0,bpi_challenge_2013_closed_problems,0.5535208259963827
55,Tax,1,bpi_challenge_2012_o,0.8045189802828945
56,Tax,3,bpi_challenge_2012_o,0.8049261694953755
57,Tax,0,bpi_challenge_2012_o,0.8044848978930292
58,Tax,4,bpi_challenge_2012_o,0.8044440299411056
59,Tax,2,bpi_challenge_2012_o,0.7761363180619879
60,Evermann,2,nasa,0.204916434341149
61,Evermann,1,nasa,0.13012364546546357
62,Evermann,0,nasa,0.18408953894736627
63,Evermann,3,nasa,0.2193568135107604
64,Evermann,4,nasa,0.22746420043190094
65,Evermann,4,bpi_challenge_2012_complete,0.589387003144254
66,Evermann,0,bpi_challenge_2012_complete,0.5903786308937431
67,Evermann,3,bpi_challenge_2012_complete,0.5935305681316809
68,Evermann,1,bpi_challenge_2012_complete,0.593424046685706
69,Evermann,2,bpi_challenge_2012_complete,0.5913688847165469
70,Evermann,4,bpi_challenge_2012_a,0.720756560100691
71,Evermann,0,bpi_challenge_2012_a,0.7273687965471324
72,Evermann,2,bpi_challenge_2012_a,0.7301348428866243
73,Evermann,3,bpi_challenge_2012_a,0.7376835336663089
74,Evermann,1,bpi_challenge_2012_a,0.7328156650982216
75,Evermann,0,bpi_challenge_2013_incidents,0.5871575580657593
76,Evermann,4,bpi_challenge_2013_incidents,0.5902107201738732
77,Evermann,2,bpi_challenge_2013_incidents,0.5891963165035382
78,Evermann,1,bpi_challenge_2013_incidents,0.5902334770234435
79,Evermann,3,bpi_challenge_2013_incidents,0.5919655811502527
80,Evermann,1,helpdesk,0.7978359635079969
81,Evermann,0,helpdesk,0.796152818944201
82,Evermann,2,helpdesk,0.7964578849207161
83,Evermann,4,helpdesk,0.8060149509661693
84,Evermann,3,helpdesk,0.7826204937158348
85,Evermann,3,bpi_challenge_2012,0.5879023756723721
86,Evermann,2,bpi_challenge_2012,0.5564678380191116
87,Evermann,0,bpi_challenge_2012,0.5837044842562782
88,Evermann,1,bpi_challenge_2012,0.5741513039243479
89,Evermann,4,bpi_challenge_2012,0.5585675244566708
90,Evermann,3,env_permit,0.7499775092250117
91,Evermann,4,env_permit,0.7325247755681716
92,Evermann,2,env_permit,0.7122196059029354
93,Evermann,1,env_permit,0.6990893354020017
94,Evermann,0,env_permit,0.7043919502437106
95,Evermann,1,bpi_challenge_2012_w,0.7339130711976801
96,Evermann,2,bpi_challenge_2012_w,0.7299457459409582
97,Evermann,3,bpi_challenge_2012_w,0.7282587291178452
98,Evermann,4,bpi_challenge_2012_w,0.7273720881090828
99,Evermann,0,bpi_challenge_2012_w,0.7266529641061509
100,Evermann,3,bpi_challenge_2012_w_complete,0.5891513241976041
101,Evermann,0,bpi_challenge_2012_w_complete,0.5859192999492538
102,Evermann,1,bpi_challenge_2012_w_complete,0.5962084932746722
103,Evermann,4,bpi_challenge_2012_w_complete,0.5631257081384202
104,Evermann,2,bpi_challenge_2012_w_complete,0.5844410767869165
105,Evermann,2,sepsis,0.27306643413285037
106,Evermann,3,sepsis,0.26877970960179903
107,Evermann,4,sepsis,0.28807614045089014
108,Evermann,0,sepsis,0.2784751322856423
109,Evermann,1,sepsis,0.2893541924207217
110,Evermann,2,bpi_challenge_2013_closed_problems,0.5439594733978579
111,Evermann,1,bpi_challenge_2013_closed_problems,0.5535337666982023
112,Evermann,3,bpi_challenge_2013_closed_problems,0.4595298923238762
113,Evermann,4,bpi_challenge_2013_closed_problems,0.46242858006348175
114,Evermann,0,bpi_challenge_2013_closed_problems,0.4701337749139905
115,Evermann,0,bpi_challenge_2012_o,0.7659440365744337
116,Evermann,1,bpi_challenge_2012_o,0.7657241903499085
117,Evermann,2,bpi_challenge_2012_o,0.764969616217206
118,Evermann,3,bpi_challenge_2012_o,0.7664921039187363
119,Evermann,4,bpi_challenge_2012_o,0.7641370329569944
120,Pasquadibisceglie,3,nasa,0.8706611277889765
121,Pasquadibisceglie,2,nasa,0.8882570542390137
122,Pasquadibisceglie,1,nasa,0.8857879043745284
123,Pasquadibisceglie,4,nasa,0.8878863414802048
124,Pasquadibisceglie,0,nasa,0.8754346905916283
125,Pasquadibisceglie,3,bpi_challenge_2012_complete,0.7245912684207169
126,Pasquadibisceglie,2,bpi_challenge_2012_complete,0.729096785345568
127,Pasquadibisceglie,0,bpi_challenge_2012_complete,0.7174241556880738
128,Pasquadibisceglie,1,bpi_challenge_2012_complete,0.7197710577242001
129,Pasquadibisceglie,4,bpi_challenge_2012_complete,0.7312885120522851
130,Pasquadibisceglie,3,bpi_challenge_2012_a,0.7105516382346564
131,Pasquadibisceglie,2,bpi_challenge_2012_a,0.7196953947235066
132,Pasquadibisceglie,0,bpi_challenge_2012_a,0.7131018484838214
133,Pasquadibisceglie,4,bpi_challenge_2012_a,0.7082636062397767
134,Pasquadibisceglie,1,bpi_challenge_2012_a,0.7160386055313942
135,Pasquadibisceglie,2,bpi_challenge_2013_incidents,0.33403225363504235
136,Pasquadibisceglie,0,bpi_challenge_2013_incidents,0.3415842570533084
137,Pasquadibisceglie,4,bpi_challenge_2013_incidents,0.33427014535180916
138,Pasquadibisceglie,1,bpi_challenge_2013_incidents,0.34052658689007087
139,Pasquadibisceglie,3,bpi_challenge_2013_incidents,0.3423186252609168
140,Pasquadibisceglie,1,helpdesk,0.7918854988151941
141,Pasquadibisceglie,4,helpdesk,0.7910319969055319
142,Pasquadibisceglie,2,helpdesk,0.7941497833586844
143,Pasquadibisceglie,3,helpdesk,0.7718899279477425
144,Pasquadibisceglie,0,helpdesk,0.8023329044429564
145,Pasquadibisceglie,4,bpi_challenge_2012,0.8270956350388292
146,Pasquadibisceglie,0,bpi_challenge_2012,0.8217220659646584
147,Pasquadibisceglie,3,bpi_challenge_2012,0.8267261491001884
148,Pasquadibisceglie,1,bpi_challenge_2012,0.8160836758568474
149,Pasquadibisceglie,2,bpi_challenge_2012,0.8307714465379638
150,Pasquadibisceglie,0,env_permit,0.8408402930751612
151,Pasquadibisceglie,4,env_permit,0.8349537231947506
152,Pasquadibisceglie,2,env_permit,0.8366365114339811
153,Pasquadibisceglie,1,env_permit,0.8398037130651855
154,Pasquadibisceglie,3,env_permit,0.8551109082043529
155,Pasquadibisceglie,1,bpi_challenge_2012_w,0.7835186339488344
156,Pasquadibisceglie,3,bpi_challenge_2012_w,0.7958211089052198
157,Pasquadibisceglie,0,bpi_challenge_2012_w,0.7867955576106254
158,Pasquadibisceglie,4,bpi_challenge_2012_w,0.8002951413917142
159,Pasquadibisceglie,2,bpi_challenge_2012_w,0.7914018071247055
160,Pasquadibisceglie,4,bpi_challenge_2012_w_complete,0.6002657483338851
161,Pasquadibisceglie,0,bpi_challenge_2012_w_complete,0.5700900437837316
162,Pasquadibisceglie,3,bpi_challenge_2012_w_complete,0.5813128232230075
163,Pasquadibisceglie,1,bpi_challenge_2012_w_complete,0.5950736127891247
164,Pasquadibisceglie,2,bpi_challenge_2012_w_complete,0.595135574206326
165,Pasquadibisceglie,1,sepsis,0.4715790644852671
166,Pasquadibisceglie,2,sepsis,0.4739767074356012
167,Pasquadibisceglie,3,sepsis,0.45933120663471744
168,Pasquadibisceglie,4,sepsis,0.521696878277948
169,Pasquadibisceglie,0,sepsis,0.5127292736313348
170,Pasquadibisceglie,1,bpi_challenge_2013_closed_problems,0.38253529829280714
171,Pasquadibisceglie,3,bpi_challenge_2013_closed_problems,0.3800514921590386
172,Pasquadibisceglie,2,bpi_challenge_2013_closed_problems,0.38525870448848915
173,Pasquadibisceglie,0,bpi_challenge_2013_closed_problems,0.3199279383839655
174,Pasquadibisceglie,4,bpi_challenge_2013_closed_problems,0.33980012206809257
175,Pasquadibisceglie,0,bpi_challenge_2012_o,0.7609346260911696
176,Pasquadibisceglie,4,bpi_challenge_2012_o,0.7657280237787949
177,Pasquadibisceglie,1,bpi_challenge_2012_o,0.7631744623587621
178,Pasquadibisceglie,2,bpi_challenge_2012_o,0.762988144216229
179,Pasquadibisceglie,3,bpi_challenge_2012_o,0.738650425719707
180,Mauro,3,nasa,0.3744264099777318
181,Mauro,2,nasa,0.16772441836281216
182,Mauro,1,nasa,0.16252743048354265
183,Mauro,4,nasa,0.16539725562905783
184,Mauro,0,nasa,0.1463001711293964
185,Mauro,1,bpi_challenge_2012_complete,0.7882318899448935
186,Mauro,0,bpi_challenge_2012_complete,0.7834547082168912
187,Mauro,3,bpi_challenge_2012_complete,0.7867548229361724
188,Mauro,4,bpi_challenge_2012_complete,0.7845577443925577
189,Mauro,2,bpi_challenge_2012_complete,0.7850318221244347
190,Mauro,4,bpi_challenge_2012_a,0.7760167476446275
191,Mauro,1,bpi_challenge_2012_a,0.776367896686986
192,Mauro,0,bpi_challenge_2012_a,0.7761824284315675
193,Mauro,3,bpi_challenge_2012_a,0.7766904096809747
194,Mauro,2,bpi_challenge_2012_a,0.7804471955573439
195,Mauro,2,bpi_challenge_2013_incidents,0.259627285521765
196,Mauro,0,bpi_challenge_2013_incidents,0.21343609791169066
197,Mauro,4,bpi_challenge_2013_incidents,0.28184452343216837
198,Mauro,1,bpi_challenge_2013_incidents,0.26801228281311257
199,Mauro,3,bpi_challenge_2013_incidents,0.2680558162369472
200,Mauro,1,helpdesk,0.2639666163381882
201,Mauro,4,helpdesk,0.38464587154539415
202,Mauro,0,helpdesk,0.08711224845184064
203,Mauro,3,helpdesk,0.37059897594286156
204,Mauro,2,helpdesk,0.08814918436273814
205,Mauro,1,bpi_challenge_2012,0.8024190423884675
206,Mauro,0,bpi_challenge_2012,0.8479374417829676
207,Mauro,3,bpi_challenge_2012,0.8497849990310875
208,Mauro,4,bpi_challenge_2012,0.8492497318375318
209,Mauro,2,bpi_challenge_2012,0.8489794997291953
210,Mauro,0,env_permit,0.5075792136905233
211,Mauro,4,env_permit,0.5213549578566068
212,Mauro,2,env_permit,0.5206628860508261
213,Mauro,1,env_permit,0.5022444051133025
214,Mauro,3,env_permit,0.5394245650505837
215,Mauro,3,bpi_challenge_2012_w,0.8455960428972475
216,Mauro,4,bpi_challenge_2012_w,0.8443775270642911
217,Mauro,2,bpi_challenge_2012_w,0.8399749134254667
218,Mauro,0,bpi_challenge_2012_w,0.8478886530613922
219,Mauro,1,bpi_challenge_2012_w,0.8484786564388856
220,Mauro,4,bpi_challenge_2012_w_complete,0.5799204445136108
221,Mauro,0,bpi_challenge_2012_w_complete,0.595319422169192
222,Mauro,1,bpi_challenge_2012_w_complete,0.6065996010126942
223,Mauro,3,bpi_challenge_2012_w_complete,0.5955527920124967
224,Mauro,2,bpi_challenge_2012_w_complete,0.5913537138532083
225,Mauro,2,sepsis,0.515683154759953
226,Mauro,0,sepsis,0.6082301385938557
227,Mauro,3,sepsis,0.5141205966784401
228,Mauro,4,sepsis,0.5904278073430583
229,Mauro,1,sepsis,0.5626292239414644
230,Mauro,3,bpi_challenge_2013_closed_problems,0.0
231,Mauro,4,bpi_challenge_2013_closed_problems,0.0
232,Mauro,0,bpi_challenge_2013_closed_problems,-0.011214653863543077
233,Mauro,2,bpi_challenge_2013_closed_problems,-0.0033807379433681718
234,Mauro,1,bpi_challenge_2013_closed_problems,-0.020206686355258095
235,Mauro,4,bpi_challenge_2012_o,0.7941506252805992
236,Mauro,1,bpi_challenge_2012_o,0.805606250709098
237,Mauro,3,bpi_challenge_2012_o,0.7967485238052749
238,Mauro,0,bpi_challenge_2012_o,0.8013426499245347
239,Mauro,2,bpi_challenge_2012_o,0.8054444595250808
240,Hinkka,0,nasa,0.8788503705852637
241,Hinkka,4,nasa,0.8876379034367331
242,Hinkka,2,nasa,0.8788353314920108
243,Hinkka,3,nasa,0.8892046841218976
244,Hinkka,1,nasa,0.878938413549404
245,Hinkka,1,bpi_challenge_2012_complete,0.793129863260487
246,Hinkka,2,bpi_challenge_2012_complete,0.7939743813431681
247,Hinkka,4,bpi_challenge_2012_complete,0.7948665044806623
248,Hinkka,0,bpi_challenge_2012_complete,0.7916013682804852
249,Hinkka,3,bpi_challenge_2012_complete,0.7911880356852383
250,Hinkka,0,bpi_challenge_2012_a,0.7843326677311346
251,Hinkka,4,bpi_challenge_2012_a,0.7836169823154264
252,Hinkka,3,bpi_challenge_2012_a,0.7860134205173928
253,Hinkka,2,bpi_challenge_2012_a,0.7891291287487602
254,Hinkka,1,bpi_challenge_2012_a,0.7863651753123277
255,Hinkka,1,bpi_challenge_2013_incidents,0.6533097430824683
256,Hinkka,0,bpi_challenge_2013_incidents,0.6524402630276835
257,Hinkka,2,bpi_challenge_2013_incidents,0.652292482206071
258,Hinkka,3,bpi_challenge_2013_incidents,0.6406161749195207
259,Hinkka,4,bpi_challenge_2013_incidents,0.6569500424275102
260,Hinkka,3,helpdesk,0.7703620720634187
261,Hinkka,2,helpdesk,0.786028128827133
262,Hinkka,1,helpdesk,0.7870928624333348
263,Hinkka,4,helpdesk,0.7965618916043293
264,Hinkka,0,helpdesk,0.7864549148260234
265,Hinkka,4,bpi_challenge_2012,0.8618124572706324
266,Hinkka,0,bpi_challenge_2012,0.8596660925408665
267,Hinkka,1,bpi_challenge_2012,0.8612480983102805
268,Hinkka,2,bpi_challenge_2012,0.8617704670902543
269,Hinkka,3,bpi_challenge_2012,0.8593722253396054
270,Hinkka,3,env_permit,0.8383611599357871
271,Hinkka,1,env_permit,0.8181500687225516
272,Hinkka,0,env_permit,0.8219620527226934
273,Hinkka,2,env_permit,0.8093576523000544
274,Hinkka,4,env_permit,0.8194019561791208
275,Hinkka,1,bpi_challenge_2012_w,0.8368931980037351
276,Hinkka,3,bpi_challenge_2012_w,0.8342899226227253
277,Hinkka,0,bpi_challenge_2012_w,0.8329842946609549
278,Hinkka,2,bpi_challenge_2012_w,0.8332784573270509
279,Hinkka,4,bpi_challenge_2012_w,0.8335304307252387
280,Hinkka,1,bpi_challenge_2012_w_complete,0.6356090726092618
281,Hinkka,4,bpi_challenge_2012_w_complete,0.6257183244842656
282,Hinkka,3,bpi_challenge_2012_w_complete,0.6253234201589144
283,Hinkka,0,bpi_challenge_2012_w_complete,0.6157195960871357
284,Hinkka,2,bpi_challenge_2012_w_complete,0.6257544563582376
285,Hinkka,1,sepsis,0.5647445225843407
286,Hinkka,4,sepsis,0.590430098528106
287,Hinkka,2,sepsis,0.5727212832991333
288,Hinkka,0,sepsis,0.58583249069558
289,Hinkka,3,sepsis,0.584383780219683
290,Hinkka,4,bpi_challenge_2013_closed_problems,0.4873518023081822
291,Hinkka,0,bpi_challenge_2013_closed_problems,0.5396498355765744
292,Hinkka,1,bpi_challenge_2013_closed_problems,0.41201380217417455
293,Hinkka,3,bpi_challenge_2013_closed_problems,0.5190857723210429
294,Hinkka,2,bpi_challenge_2013_closed_problems,0.44758012464777486
295,Hinkka,1,bpi_challenge_2012_o,0.8499346006835371
296,Hinkka,2,bpi_challenge_2012_o,0.8526551505423066
297,Hinkka,0,bpi_challenge_2012_o,0.8526530841799976
298,Hinkka,3,bpi_challenge_2012_o,0.849339081450958
299,Hinkka,4,bpi_challenge_2012_o,0.8517326686481214
300,Theis_resource,3,nasa,0.8623847806997269
301,Theis_resource,0,nasa,0.8635826237075339
302,Theis_resource,1,nasa,0.8600335076520269
303,Theis_resource,2,nasa,0.8618654259911745
304,Theis_resource,4,nasa,0.8597802908346633
305,Theis_resource,0,bpi_challenge_2012_complete,0.7338281375898716
306,Theis_resource,3,bpi_challenge_2012_complete,0.7315914660599065
307,Theis_resource,2,bpi_challenge_2012_complete,0.7389240647697135
308,Theis_resource,4,bpi_challenge_2012_complete,0.7335739624085732
309,Theis_resource,1,bpi_challenge_2012_complete,0.7371151905369346
310,Theis_resource,4,bpi_challenge_2012_a,0.6207861239387075
311,Theis_resource,2,bpi_challenge_2012_a,0.6323868214346425
312,Theis_resource,1,bpi_challenge_2012_a,0.6257172724142699
313,Theis_resource,3,bpi_challenge_2012_a,0.6220721455331332
314,Theis_resource,0,bpi_challenge_2012_a,0.6325048350161474
315,Theis_resource,0,bpi_challenge_2013_incidents,0.39947218454647654
316,Theis_resource,2,bpi_challenge_2013_incidents,0.4064742834472215
317,Theis_resource,4,bpi_challenge_2013_incidents,0.41563419605449897
318,Theis_resource,1,bpi_challenge_2013_incidents,0.4002580020789913
319,Theis_resource,3,bpi_challenge_2013_incidents,0.37423549019482144
320,Theis_resource,3,helpdesk,0.6820675685870548
321,Theis_resource,2,helpdesk,0.6960271150448624
322,Theis_resource,0,helpdesk,0.7008019416488728
323,Theis_resource,1,helpdesk,0.7086901921069602
324,Theis_resource,4,helpdesk,0.7108985043360716
325,Theis_resource,4,bpi_challenge_2012,0.7989804905618423
326,Theis_resource,0,bpi_challenge_2012,0.7979353874722563
327,Theis_resource,3,bpi_challenge_2012,0.7958173538712041
328,Theis_resource,1,bpi_challenge_2012,0.7980874949406872
329,Theis_resource,2,bpi_challenge_2012,0.8085476484504078
330,Theis_resource,3,env_permit,0.8232694207052518
331,Theis_resource,4,env_permit,0.8134546644347559
332,Theis_resource,1,env_permit,0.8156359441783282
333,Theis_resource,0,env_permit,0.8192626780147031
334,Theis_resource,2,env_permit,0.8075668777575314
335,Theis_resource,2,bpi_challenge_2012_w,0.8484812390083455
336,Theis_resource,1,bpi_challenge_2012_w,0.8427616644136112
337,Theis_resource,4,bpi_challenge_2012_w,0.856206141240941
338,Theis_resource,3,bpi_challenge_2012_w,0.8639807047545132
339,Theis_resource,0,bpi_challenge_2012_w,0.8580949705030355
340,Theis_resource,4,bpi_challenge_2012_w_complete,0.7812603231999897
341,Theis_resource,2,bpi_challenge_2012_w_complete,0.7952115893789381
342,Theis_resource,1,bpi_challenge_2012_w_complete,0.7782318002547768
343,Theis_resource,3,bpi_challenge_2012_w_complete,0.7781303934257182
344,Theis_resource,0,bpi_challenge_2012_w_complete,0.7773089393331604
345,Theis_resource,4,sepsis,0.5120949899207513
346,Theis_resource,3,sepsis,0.48028615638372246
347,Theis_resource,1,sepsis,0.4499720239920865
348,Theis_resource,2,sepsis,0.5028285163840298
349,Theis_resource,0,sepsis,0.5286002344902301
350,Theis_resource,1,bpi_challenge_2013_closed_problems,0.3456946310737007
351,Theis_resource,2,bpi_challenge_2013_closed_problems,0.34086437264420233
352,Theis_resource,4,bpi_challenge_2013_closed_problems,0.3617997012189524
353,Theis_resource,3,bpi_challenge_2013_closed_problems,0.421575998375669
354,Theis_resource,0,bpi_challenge_2013_closed_problems,0.3325847477152748
355,Theis_resource,3,bpi_challenge_2012_o,0.7279524549675839
356,Theis_resource,4,bpi_challenge_2012_o,0.720666773998542
357,Theis_resource,1,bpi_challenge_2012_o,0.7372728152775264
358,Theis_resource,2,bpi_challenge_2012_o,0.7286572012678543
359,Theis_resource,0,bpi_challenge_2012_o,0.7406332690709357
360,Theis_no_resource,3,nasa,0.8899903403577016
361,Theis_no_resource,0,nasa,0.8869021526264564
362,Theis_no_resource,1,nasa,0.8864762537625186
363,Theis_no_resource,2,nasa,0.8890138871466332
364,Theis_no_resource,4,nasa,0.8885767624648144
365,Theis_no_resource,0,bpi_challenge_2012_complete,0.7251230676576063
366,Theis_no_resource,3,bpi_challenge_2012_complete,0.7276665763397762
367,Theis_no_resource,2,bpi_challenge_2012_complete,0.732851101683224
368,Theis_no_resource,4,bpi_challenge_2012_complete,0.732535614035448
369,Theis_no_resource,1,bpi_challenge_2012_complete,0.7316496274766093
370,Theis_no_resource,4,bpi_challenge_2012_a,0.6252301913760342
371,Theis_no_resource,2,bpi_challenge_2012_a,0.6221462065990907
372,Theis_no_resource,1,bpi_challenge_2012_a,0.6270387873508652
373,Theis_no_resource,3,bpi_challenge_2012_a,0.6244798268013952
374,Theis_no_resource,0,bpi_challenge_2012_a,0.6338822299270636
375,Theis_no_resource,0,bpi_challenge_2013_incidents,0.4989023758946154
376,Theis_no_resource,2,bpi_challenge_2013_incidents,0.49754810645863407
377,Theis_no_resource,4,bpi_challenge_2013_incidents,0.48716230025664853
378,Theis_no_resource,1,bpi_challenge_2013_incidents,0.49394920807568643
379,Theis_no_resource,3,bpi_challenge_2013_incidents,0.49350118872233356
380,Theis_no_resource,3,helpdesk,0.6627961612760825
381,Theis_no_resource,2,helpdesk,0.697376245992866
382,Theis_no_resource,0,helpdesk,0.6974874291032368
383,Theis_no_resource,1,helpdesk,0.6940467813520513
384,Theis_no_resource,4,helpdesk,0.686751898382867
385,Theis_no_resource,4,bpi_challenge_2012,0.8264065619728483
386,Theis_no_resource,0,bpi_challenge_2012,0.8218633477915871
387,Theis_no_resource,3,bpi_challenge_2012,0.8031556638027
388,Theis_no_resource,1,bpi_challenge_2012,0.8255879505790833
389,Theis_no_resource,2,bpi_challenge_2012,0.8257426980908955
390,Theis_no_resource,3,env_permit,0.8264301164539605
391,Theis_no_resource,4,env_permit,0.8375783947610624
392,Theis_no_resource,1,env_permit,0.8259678381861829
393,Theis_no_resource,0,env_permit,0.8230687767675731
394,Theis_no_resource,2,env_permit,0.8412116979060227
395,Theis_no_resource,2,bpi_challenge_2012_w,0.8642958045442639
396,Theis_no_resource,1,bpi_challenge_2012_w,0.8579282032964359
397,Theis_no_resource,4,bpi_challenge_2012_w,0.8333909960069906
398,Theis_no_resource,3,bpi_challenge_2012_w,0.8138066442753921
399,Theis_no_resource,0,bpi_challenge_2012_w,0.865835443239832
400,Theis_no_resource,4,bpi_challenge_2012_w_complete,0.7231543375347499
401,Theis_no_resource,2,bpi_challenge_2012_w_complete,0.7317378273772965
402,Theis_no_resource,1,bpi_challenge_2012_w_complete,0.7249324208106238
403,Theis_no_resource,3,bpi_challenge_2012_w_complete,0.7324098368145411
404,Theis_no_resource,0,bpi_challenge_2012_w_complete,0.7235893288291051
405,Theis_no_resource,4,sepsis,0.49798511457927713
406,Theis_no_resource,3,sepsis,0.4740676500103843
407,Theis_no_resource,1,sepsis,0.4456253871931558
408,Theis_no_resource,2,sepsis,0.44482174006683134
409,Theis_no_resource,0,sepsis,0.5330812194346701
410,Theis_no_resource,1,bpi_challenge_2013_closed_problems,0.4120758076318392
411,Theis_no_resource,2,bpi_challenge_2013_closed_problems,0.36897992505401195
412,Theis_no_resource,4,bpi_challenge_2013_closed_problems,0.4454122334882049
413,Theis_no_resource,3,bpi_challenge_2013_closed_problems,0.45899877002314154
414,Theis_no_resource,0,bpi_challenge_2013_closed_problems,0.46293197193551405
415,Theis_no_resource,3,bpi_challenge_2012_o,0.7476250753236053
416,Theis_no_resource,4,bpi_challenge_2012_o,0.752439779128141
417,Theis_no_resource,1,bpi_challenge_2012_o,0.7552832781439365
418,Theis_no_resource,2,bpi_challenge_2012_o,0.748473463969813
419,Theis_no_resource,0,bpi_challenge_2012_o,0.752396925533909
420,Camargo,0,bpi_challenge_2012_complete,0.7636531449055295
421,Camargo,1,bpi_challenge_2012_complete,0.765106912794438
422,Camargo,2,bpi_challenge_2012_complete,0.7599910642907861
423,Camargo,3,bpi_challenge_2012_complete,0.7590333950124912
424,Camargo,4,bpi_challenge_2012_complete,0.7648919870042828
425,Camargo,0,bpi_challenge_2012_a,0.7113530205870006
426,Camargo,1,bpi_challenge_2012_a,0.7513760982337796
427,Camargo,2,bpi_challenge_2012_a,0.7084980957377507
428,Camargo,3,bpi_challenge_2012_a,0.7546564629336524
429,Camargo,4,bpi_challenge_2012_a,0.737517146962813
430,Camargo,0,bpi_challenge_2013_incidents,0.5268135624147877
431,Camargo,1,bpi_challenge_2013_incidents,0.5268550102178878
432,Camargo,2,bpi_challenge_2013_incidents,0.5278106206588266
433,Camargo,3,bpi_challenge_2013_incidents,0.5316968246028444
434,Camargo,4,bpi_challenge_2013_incidents,0.5322713120323556
435,Camargo,0,helpdesk,0.7871094655093404
436,Camargo,1,helpdesk,0.7838656139832263
437,Camargo,2,helpdesk,0.78487018611403
438,Camargo,3,helpdesk,0.7671683472123741
439,Camargo,4,helpdesk,0.7956436633944733
440,Camargo,0,bpi_challenge_2012,0.8223684070507423
441,Camargo,1,bpi_challenge_2012,0.8261692758886933
442,Camargo,2,bpi_challenge_2012,0.8337347781023023
443,Camargo,3,bpi_challenge_2012,0.8285813323307369
444,Camargo,4,bpi_challenge_2012,0.813809076604259
445,Camargo,0,env_permit,0.8212443528452527
446,Camargo,1,env_permit,0.8320568585511419
447,Camargo,2,env_permit,0.8296547160703317
448,Camargo,3,env_permit,0.8563492122320062
449,Camargo,4,env_permit,0.8410846684940568
450,Camargo,0,bpi_challenge_2012_w,0.7954441633994345
451,Camargo,1,bpi_challenge_2012_w,0.7932042012004847
452,Camargo,2,bpi_challenge_2012_w,0.6623129532768014
453,Camargo,3,bpi_challenge_2012_w,0.8052788805940073
454,Camargo,4,bpi_challenge_2012_w,0.6570252540968549
455,Camargo,0,bpi_challenge_2012_w_complete,0.4961768975706883
456,Camargo,1,bpi_challenge_2012_w_complete,0.5708225054602817
457,Camargo,2,bpi_challenge_2012_w_complete,0.6542099537809979
458,Camargo,3,bpi_challenge_2012_w_complete,0.5851182833502977
459,Camargo,4,bpi_challenge_2012_w_complete,0.6371466039016981
460,Camargo,0,bpi_challenge_2013_closed_problems,0.3380776655093241
461,Camargo,1,bpi_challenge_2013_closed_problems,0.3827159714559613
462,Camargo,2,bpi_challenge_2013_closed_problems,0.411427820879041
463,Camargo,3,bpi_challenge_2013_closed_problems,0.4079567833630717
464,Camargo,4,bpi_challenge_2013_closed_problems,0.37208627679802864
465,Camargo,0,bpi_challenge_2012_o,0.7942250827636175
466,Camargo,1,bpi_challenge_2012_o,0.7872558203652272
467,Camargo,2,bpi_challenge_2012_o,0.7659913159059514
468,Camargo,3,bpi_challenge_2012_o,0.7945642487387191
469,Camargo,4,bpi_challenge_2012_o,0.7851330498914104
470,Khan,0,nasa,0.05737815485545938
471,Khan,4,nasa,0.1171852739435922
472,Khan,2,nasa,0.11035790600106153
473,Khan,3,nasa,0.1450394804681253
474,Khan,1,nasa,0.11362443919211082
475,Khan,1,bpi_challenge_2012_complete,0.2879344260116508
476,Khan,2,bpi_challenge_2012_complete,0.5149417604328685
477,Khan,4,bpi_challenge_2012_complete,0.5496981826301355
478,Khan,0,bpi_challenge_2012_complete,0.28331738880735696
479,Khan,3,bpi_challenge_2012_complete,0.5476997315943412
480,Khan,0,bpi_challenge_2012_a,0.7282615022408364
481,Khan,4,bpi_challenge_2012_a,0.7210064210623883
482,Khan,3,bpi_challenge_2012_a,0.7126085285304907
483,Khan,2,bpi_challenge_2012_a,0.7250422089907012
484,Khan,1,bpi_challenge_2012_a,0.7236117458765234
485,Khan,1,bpi_challenge_2013_incidents,0.30552458448889624
486,Khan,0,bpi_challenge_2013_incidents,0.38408341550986763
487,Khan,2,bpi_challenge_2013_incidents,0.08303768648617581
488,Khan,3,bpi_challenge_2013_incidents,0.44910675295441344
489,Khan,4,bpi_challenge_2013_incidents,0.3535763881493528
490,Khan,3,helpdesk,0.7074677773761715
491,Khan,2,helpdesk,0.7329773705030169
492,Khan,1,helpdesk,0.7271196817959676
493,Khan,4,helpdesk,0.7353581935058437
494,Khan,0,helpdesk,0.7346920814101057
495,Khan,4,bpi_challenge_2012,0.7296237067293514
496,Khan,0,bpi_challenge_2012,0.12033945635639673
497,Khan,1,bpi_challenge_2012,0.0002938820920323615
498,Khan,2,bpi_challenge_2012,0.4471923974797316
499,Khan,3,bpi_challenge_2012,0.7777334394005418
500,Khan,3,env_permit,0.8198358726795795
501,Khan,1,env_permit,0.8139675325939363
502,Khan,0,env_permit,0.7920136106982527
503,Khan,2,env_permit,0.8010524675338072
504,Khan,4,env_permit,0.7948472628813739
505,Khan,1,bpi_challenge_2012_w,0.37045935118014645
506,Khan,3,bpi_challenge_2012_w,0.5779920474371347
507,Khan,0,bpi_challenge_2012_w,0.694035499306838
508,Khan,2,bpi_challenge_2012_w,0.5874372524638022
509,Khan,4,bpi_challenge_2012_w,0.6464603640448533
510,Khan,1,bpi_challenge_2012_w_complete,0.6287414546868697
511,Khan,4,bpi_challenge_2012_w_complete,0.5063103337876533
512,Khan,3,bpi_challenge_2012_w_complete,0.41622252875393984
513,Khan,0,bpi_challenge_2012_w_complete,0.20125285936495488
514,Khan,2,bpi_challenge_2012_w_complete,0.3198039821888225
515,Khan,1,sepsis,0.11583448633897318
516,Khan,4,sepsis,0.06263886809419054
517,Khan,2,sepsis,0.1302335610069055
518,Khan,0,sepsis,0.18470390255565447
519,Khan,3,sepsis,0.10823623595809281
520,Khan,4,bpi_challenge_2013_closed_problems,0.13338320007402507
521,Khan,0,bpi_challenge_2013_closed_problems,0.2706574397340903
522,Khan,1,bpi_challenge_2013_closed_problems,0.29099232475800096
523,Khan,3,bpi_challenge_2013_closed_problems,0.3553856494237504
524,Khan,2,bpi_challenge_2013_closed_problems,0.27994355619462863
525,Khan,1,bpi_challenge_2012_o,0.7628591227183208
526,Khan,2,bpi_challenge_2012_o,0.6628804635698345
527,Khan,0,bpi_challenge_2012_o,0.7502435167415455
528,Khan,3,bpi_challenge_2012_o,0.1897594236866063
529,Khan,4,bpi_challenge_2012_o,0.5145466770713994
