,approach,fold,log,precision
0,Tax,0,helpdesk,0.7984898365010533
1,Tax,1,helpdesk,0.8245958528496017
2,Tax,4,helpdesk,0.8093359761258332
3,Tax,3,helpdesk,0.7979900538004017
4,Tax,2,helpdesk,0.8041103229088189
5,Tax,4,bpi_challenge_2012_a,0.7453698457336126
6,Tax,0,bpi_challenge_2012_a,0.749411261305247
7,Tax,3,bpi_challenge_2012_a,0.715048184153476
8,Tax,2,bpi_challenge_2012_a,0.7495255589623575
9,Tax,1,bpi_challenge_2012_a,0.7443126427533471
10,Tax,2,bpi_challenge_2013_incidents,0.6851848934624966
11,Tax,3,bpi_challenge_2013_incidents,0.688363477210046
12,Tax,1,bpi_challenge_2013_incidents,0.6740253175568378
13,Tax,4,bpi_challenge_2013_incidents,0.6870632069636479
14,Tax,0,bpi_challenge_2013_incidents,0.6919967153175809
15,Tax,4,bpi_challenge_2012_w,0.8288375638360901
16,Tax,3,bpi_challenge_2012_w,0.8449709082123475
17,Tax,1,bpi_challenge_2012_w,0.8448061554264237
18,Tax,2,bpi_challenge_2012_w,0.8284723875299552
19,Tax,0,bpi_challenge_2012_w,0.8461510173976851
20,Tax,0,sepsis,0.6538723962493371
21,Tax,3,sepsis,0.6380531459200449
22,Tax,2,sepsis,0.6253940318589627
23,Tax,4,sepsis,0.6476116362863247
24,Tax,1,sepsis,0.6236821057852494
25,Tax,4,env_permit,0.8315900594880644
26,Tax,2,env_permit,0.847745204906956
27,Tax,3,env_permit,0.8627729425427852
28,Tax,1,env_permit,0.8512634102108257
29,Tax,0,env_permit,0.841332685924472
30,Tax,1,bpi_challenge_2012_o,0.8688133646115742
31,Tax,3,bpi_challenge_2012_o,0.8602513255886741
32,Tax,0,bpi_challenge_2012_o,0.8609017379255737
33,Tax,4,bpi_challenge_2012_o,0.8382671181491473
34,Tax,2,bpi_challenge_2012_o,0.8224665629514426
35,Tax,0,bpi_challenge_2012_complete,0.772847491134724
36,Tax,3,bpi_challenge_2012_complete,0.7848489183422535
37,Tax,2,bpi_challenge_2012_complete,0.7857552228528893
38,Tax,4,bpi_challenge_2012_complete,0.7951356053209453
39,Tax,1,bpi_challenge_2012_complete,0.778176440374635
40,Tax,4,bpi_challenge_2013_closed_problems,0.6201519066576502
41,Tax,1,bpi_challenge_2013_closed_problems,0.6294784281909532
42,Tax,3,bpi_challenge_2013_closed_problems,0.6195084887327469
43,Tax,2,bpi_challenge_2013_closed_problems,0.6239676400232445
44,Tax,0,bpi_challenge_2013_closed_problems,0.6055128452874544
45,Tax,3,bpi_challenge_2012,0.8516611550573134
46,Tax,2,bpi_challenge_2012,0.8645278081182228
47,Tax,4,bpi_challenge_2012,0.8669764320188779
48,Tax,1,bpi_challenge_2012,0.8718117683563482
49,Tax,0,bpi_challenge_2012,0.8513158597050444
50,Tax,1,nasa,0.898475131662571
51,Tax,0,nasa,0.8844322213536422
52,Tax,2,nasa,0.9078603216449551
53,Tax,4,nasa,0.8833953497199615
54,Tax,3,nasa,0.8880026515288686
55,Tax,2,bpi_challenge_2012_w_complete,0.7032561291201254
56,Tax,0,bpi_challenge_2012_w_complete,0.6964928409297808
57,Tax,1,bpi_challenge_2012_w_complete,0.7204175544106454
58,Tax,4,bpi_challenge_2012_w_complete,0.7374910249975867
59,Tax,3,bpi_challenge_2012_w_complete,0.7149521284818299
60,Evermann,1,helpdesk,0.7875624147689627
61,Evermann,0,helpdesk,0.7891323368383637
62,Evermann,2,helpdesk,0.7857392468114824
63,Evermann,4,helpdesk,0.7911416184543122
64,Evermann,3,helpdesk,0.7688725164261255
65,Evermann,4,bpi_challenge_2012_a,0.6401540347057696
66,Evermann,0,bpi_challenge_2012_a,0.6387611018144298
67,Evermann,2,bpi_challenge_2012_a,0.6408223799743153
68,Evermann,3,bpi_challenge_2012_a,0.6724597221377375
69,Evermann,1,bpi_challenge_2012_a,0.6570755456321143
70,Evermann,0,bpi_challenge_2013_incidents,0.5293567972979012
71,Evermann,4,bpi_challenge_2013_incidents,0.5355967136426937
72,Evermann,2,bpi_challenge_2013_incidents,0.5335149355143723
73,Evermann,1,bpi_challenge_2013_incidents,0.532162675362609
74,Evermann,3,bpi_challenge_2013_incidents,0.5339665694504279
75,Evermann,1,bpi_challenge_2012_w,0.6475073614060529
76,Evermann,2,bpi_challenge_2012_w,0.6377990333991501
77,Evermann,3,bpi_challenge_2012_w,0.6345589270963271
78,Evermann,4,bpi_challenge_2012_w,0.6342360034137772
79,Evermann,0,bpi_challenge_2012_w,0.6372344742447528
80,Evermann,2,sepsis,0.2632635712842986
81,Evermann,3,sepsis,0.2596659703298092
82,Evermann,4,sepsis,0.26784731134252804
83,Evermann,0,sepsis,0.2522635188021477
84,Evermann,1,sepsis,0.269354790054529
85,Evermann,3,env_permit,0.7702483986373366
86,Evermann,4,env_permit,0.7312357023982222
87,Evermann,2,env_permit,0.7129236895238137
88,Evermann,1,env_permit,0.7117317965587654
89,Evermann,0,env_permit,0.7122144657496512
90,Evermann,0,bpi_challenge_2012_o,0.8355226887788466
91,Evermann,1,bpi_challenge_2012_o,0.8357676740963527
92,Evermann,2,bpi_challenge_2012_o,0.8341038608629837
93,Evermann,3,bpi_challenge_2012_o,0.8354812484164355
94,Evermann,4,bpi_challenge_2012_o,0.8290713165155437
95,Evermann,4,bpi_challenge_2012_complete,0.5236268411947527
96,Evermann,0,bpi_challenge_2012_complete,0.49882467748471415
97,Evermann,3,bpi_challenge_2012_complete,0.5250615400129559
98,Evermann,1,bpi_challenge_2012_complete,0.4788938288008939
99,Evermann,2,bpi_challenge_2012_complete,0.5183472562727671
100,Evermann,2,bpi_challenge_2013_closed_problems,0.4968355469789101
101,Evermann,1,bpi_challenge_2013_closed_problems,0.5008045604856781
102,Evermann,3,bpi_challenge_2013_closed_problems,0.4316459516318228
103,Evermann,4,bpi_challenge_2013_closed_problems,0.4509908086112375
104,Evermann,0,bpi_challenge_2013_closed_problems,0.43139333984729317
105,Evermann,3,bpi_challenge_2012,0.4858571212343829
106,Evermann,2,bpi_challenge_2012,0.4471426367318401
107,Evermann,0,bpi_challenge_2012,0.4660284136765164
108,Evermann,1,bpi_challenge_2012,0.46610559168631543
109,Evermann,4,bpi_challenge_2012,0.43928468174957985
110,Evermann,2,nasa,0.08896904533534689
111,Evermann,1,nasa,0.048193215235197005
112,Evermann,0,nasa,0.09413650839876951
113,Evermann,3,nasa,0.14339467832181754
114,Evermann,4,nasa,0.1303444508397142
115,Evermann,3,bpi_challenge_2012_w_complete,0.5962866975427367
116,Evermann,0,bpi_challenge_2012_w_complete,0.6060926858303767
117,Evermann,1,bpi_challenge_2012_w_complete,0.6168807684283523
118,Evermann,4,bpi_challenge_2012_w_complete,0.5929031281934022
119,Evermann,2,bpi_challenge_2012_w_complete,0.5948791738894014
120,Pasquadibisceglie,1,helpdesk,0.7826420475408209
121,Pasquadibisceglie,4,helpdesk,0.8013642435345737
122,Pasquadibisceglie,2,helpdesk,0.7968406796441861
123,Pasquadibisceglie,3,helpdesk,0.7691521048684895
124,Pasquadibisceglie,0,helpdesk,0.8115494841681867
125,Pasquadibisceglie,3,bpi_challenge_2012_a,0.719223820964786
126,Pasquadibisceglie,2,bpi_challenge_2012_a,0.7067741947170845
127,Pasquadibisceglie,0,bpi_challenge_2012_a,0.7078669661677621
128,Pasquadibisceglie,4,bpi_challenge_2012_a,0.672328259603153
129,Pasquadibisceglie,1,bpi_challenge_2012_a,0.6735479471949083
130,Pasquadibisceglie,2,bpi_challenge_2013_incidents,0.48430700577878466
131,Pasquadibisceglie,0,bpi_challenge_2013_incidents,0.4901304943572054
132,Pasquadibisceglie,4,bpi_challenge_2013_incidents,0.4889550668746208
133,Pasquadibisceglie,1,bpi_challenge_2013_incidents,0.48818838391906016
134,Pasquadibisceglie,3,bpi_challenge_2013_incidents,0.483485791332117
135,Pasquadibisceglie,1,bpi_challenge_2012_w,0.7615664485515338
136,Pasquadibisceglie,3,bpi_challenge_2012_w,0.761700055198498
137,Pasquadibisceglie,0,bpi_challenge_2012_w,0.7613567185143911
138,Pasquadibisceglie,4,bpi_challenge_2012_w,0.7505704679258237
139,Pasquadibisceglie,2,bpi_challenge_2012_w,0.7529671892553601
140,Pasquadibisceglie,1,sepsis,0.5799540674282717
141,Pasquadibisceglie,2,sepsis,0.5745911614157003
142,Pasquadibisceglie,3,sepsis,0.5709300695559414
143,Pasquadibisceglie,4,sepsis,0.6108827178666294
144,Pasquadibisceglie,0,sepsis,0.6134054132527997
145,Pasquadibisceglie,0,env_permit,0.8361841404469462
146,Pasquadibisceglie,4,env_permit,0.8339824271283155
147,Pasquadibisceglie,2,env_permit,0.8326030499232258
148,Pasquadibisceglie,1,env_permit,0.8591901391512993
149,Pasquadibisceglie,3,env_permit,0.8650702994695824
150,Pasquadibisceglie,0,bpi_challenge_2012_o,0.8200982838920057
151,Pasquadibisceglie,4,bpi_challenge_2012_o,0.8275078633969918
152,Pasquadibisceglie,1,bpi_challenge_2012_o,0.830438481078617
153,Pasquadibisceglie,2,bpi_challenge_2012_o,0.8312398872186619
154,Pasquadibisceglie,3,bpi_challenge_2012_o,0.7938173671774613
155,Pasquadibisceglie,3,bpi_challenge_2012_complete,0.7291310988659148
156,Pasquadibisceglie,2,bpi_challenge_2012_complete,0.7301110723570857
157,Pasquadibisceglie,0,bpi_challenge_2012_complete,0.7241432429363239
158,Pasquadibisceglie,1,bpi_challenge_2012_complete,0.7160182466374316
159,Pasquadibisceglie,4,bpi_challenge_2012_complete,0.7362777919712177
160,Pasquadibisceglie,1,bpi_challenge_2013_closed_problems,0.5903506229169457
161,Pasquadibisceglie,3,bpi_challenge_2013_closed_problems,0.6179515024270689
162,Pasquadibisceglie,2,bpi_challenge_2013_closed_problems,0.5551988269108565
163,Pasquadibisceglie,0,bpi_challenge_2013_closed_problems,0.5038104684787739
164,Pasquadibisceglie,4,bpi_challenge_2013_closed_problems,0.5432375444877018
165,Pasquadibisceglie,4,bpi_challenge_2012,0.8386684272098818
166,Pasquadibisceglie,0,bpi_challenge_2012,0.8273471945033527
167,Pasquadibisceglie,3,bpi_challenge_2012,0.8208507138949299
168,Pasquadibisceglie,1,bpi_challenge_2012,0.8327284987118783
169,Pasquadibisceglie,2,bpi_challenge_2012,0.8167105759823662
170,Pasquadibisceglie,3,nasa,0.8756375630764728
171,Pasquadibisceglie,2,nasa,0.8818719609382969
172,Pasquadibisceglie,1,nasa,0.8760882697142035
173,Pasquadibisceglie,4,nasa,0.8793794260918623
174,Pasquadibisceglie,0,nasa,0.8729690524368613
175,Pasquadibisceglie,4,bpi_challenge_2012_w_complete,0.6357219671495403
176,Pasquadibisceglie,0,bpi_challenge_2012_w_complete,0.6163261870437573
177,Pasquadibisceglie,3,bpi_challenge_2012_w_complete,0.6256204607414906
178,Pasquadibisceglie,1,bpi_challenge_2012_w_complete,0.631097477255645
179,Pasquadibisceglie,2,bpi_challenge_2012_w_complete,0.62792183521821
180,Mauro,1,helpdesk,0.2052594125621965
181,Mauro,4,helpdesk,0.34921527521741313
182,Mauro,0,helpdesk,0.2067354305832344
183,Mauro,3,helpdesk,0.33099070510428874
184,Mauro,2,helpdesk,0.20865871563374183
185,Mauro,4,bpi_challenge_2012_a,0.7449409168538482
186,Mauro,1,bpi_challenge_2012_a,0.7436581678483919
187,Mauro,0,bpi_challenge_2012_a,0.7461341123494182
188,Mauro,3,bpi_challenge_2012_a,0.7832276945669033
189,Mauro,2,bpi_challenge_2012_a,0.7461658028066454
190,Mauro,2,bpi_challenge_2013_incidents,0.37544344992353984
191,Mauro,0,bpi_challenge_2013_incidents,0.38790208062705545
192,Mauro,4,bpi_challenge_2013_incidents,0.3773176348011972
193,Mauro,1,bpi_challenge_2013_incidents,0.36296713415975024
194,Mauro,3,bpi_challenge_2013_incidents,0.39341449361207464
195,Mauro,3,bpi_challenge_2012_w,0.8448034674938509
196,Mauro,4,bpi_challenge_2012_w,0.8319330143116785
197,Mauro,2,bpi_challenge_2012_w,0.8311192152090744
198,Mauro,0,bpi_challenge_2012_w,0.8423961751787706
199,Mauro,1,bpi_challenge_2012_w,0.8350955064790118
200,Mauro,2,sepsis,0.5654222345589588
201,Mauro,0,sepsis,0.6602982484629887
202,Mauro,3,sepsis,0.5627110156027894
203,Mauro,4,sepsis,0.627275405662402
204,Mauro,1,sepsis,0.6130699031501397
205,Mauro,0,env_permit,0.5198375667622827
206,Mauro,4,env_permit,0.5211217079381326
207,Mauro,2,env_permit,0.5419554632902297
208,Mauro,1,env_permit,0.5287480795740103
209,Mauro,3,env_permit,0.5479023205914131
210,Mauro,4,bpi_challenge_2012_o,0.8242887843274225
211,Mauro,1,bpi_challenge_2012_o,0.8458882517222682
212,Mauro,3,bpi_challenge_2012_o,0.8371275949260346
213,Mauro,0,bpi_challenge_2012_o,0.8419040930673473
214,Mauro,2,bpi_challenge_2012_o,0.8441550956399573
215,Mauro,1,bpi_challenge_2012_complete,0.8109674286960117
216,Mauro,0,bpi_challenge_2012_complete,0.7881237202332904
217,Mauro,3,bpi_challenge_2012_complete,0.7933011988225753
218,Mauro,4,bpi_challenge_2012_complete,0.7866324767289056
219,Mauro,2,bpi_challenge_2012_complete,0.7866250094472828
220,Mauro,3,bpi_challenge_2013_closed_problems,0.06296904150710488
221,Mauro,4,bpi_challenge_2013_closed_problems,0.055340946000082346
222,Mauro,0,bpi_challenge_2013_closed_problems,0.0579457163809121
223,Mauro,2,bpi_challenge_2013_closed_problems,0.07116302444580443
224,Mauro,1,bpi_challenge_2013_closed_problems,0.06623920750428308
225,Mauro,1,bpi_challenge_2012,0.8089601961195823
226,Mauro,0,bpi_challenge_2012,0.8488742039774659
227,Mauro,3,bpi_challenge_2012,0.8572071352748157
228,Mauro,4,bpi_challenge_2012,0.857447502992723
229,Mauro,2,bpi_challenge_2012,0.8527693206533673
230,Mauro,3,nasa,0.3731012759987773
231,Mauro,2,nasa,0.1310531462140135
232,Mauro,1,nasa,0.11586079390625366
233,Mauro,4,nasa,0.11959065314242874
234,Mauro,0,nasa,0.10231539110924165
235,Mauro,4,bpi_challenge_2012_w_complete,0.6558962962711249
236,Mauro,0,bpi_challenge_2012_w_complete,0.6572747274322448
237,Mauro,1,bpi_challenge_2012_w_complete,0.6600705609930071
238,Mauro,3,bpi_challenge_2012_w_complete,0.6541000224496818
239,Mauro,2,bpi_challenge_2012_w_complete,0.6498215013152105
240,Hinkka,3,helpdesk,0.7556899503995438
241,Hinkka,2,helpdesk,0.7669065453392884
242,Hinkka,1,helpdesk,0.7750704563710391
243,Hinkka,4,helpdesk,0.7763244396657737
244,Hinkka,0,helpdesk,0.7737092313237108
245,Hinkka,0,bpi_challenge_2012_a,0.8050184182243718
246,Hinkka,4,bpi_challenge_2012_a,0.8042184878597334
247,Hinkka,3,bpi_challenge_2012_a,0.8111606286562791
248,Hinkka,2,bpi_challenge_2012_a,0.810613769884284
249,Hinkka,1,bpi_challenge_2012_a,0.8091406623221566
250,Hinkka,1,bpi_challenge_2013_incidents,0.7370910450657349
251,Hinkka,0,bpi_challenge_2013_incidents,0.746160079701722
252,Hinkka,2,bpi_challenge_2013_incidents,0.7268429433438391
253,Hinkka,3,bpi_challenge_2013_incidents,0.739348300893477
254,Hinkka,4,bpi_challenge_2013_incidents,0.7397821096613789
255,Hinkka,1,bpi_challenge_2012_w,0.8211786498097655
256,Hinkka,3,bpi_challenge_2012_w,0.7944065166613089
257,Hinkka,0,bpi_challenge_2012_w,0.824529317537141
258,Hinkka,2,bpi_challenge_2012_w,0.8272278938140075
259,Hinkka,4,bpi_challenge_2012_w,0.8094896483775578
260,Hinkka,1,sepsis,0.6499763100854725
261,Hinkka,4,sepsis,0.6645483290078151
262,Hinkka,2,sepsis,0.6473804545333985
263,Hinkka,0,sepsis,0.6565150321212522
264,Hinkka,3,sepsis,0.6613218780901413
265,Hinkka,3,env_permit,0.8464471697825956
266,Hinkka,1,env_permit,0.8291018874826335
267,Hinkka,0,env_permit,0.8267779460461375
268,Hinkka,2,env_permit,0.8066044084633003
269,Hinkka,4,env_permit,0.8220077027018104
270,Hinkka,1,bpi_challenge_2012_o,0.9224713134547017
271,Hinkka,2,bpi_challenge_2012_o,0.9195076393937018
272,Hinkka,0,bpi_challenge_2012_o,0.9227931677371891
273,Hinkka,3,bpi_challenge_2012_o,0.9183304642913179
274,Hinkka,4,bpi_challenge_2012_o,0.91364642791374
275,Hinkka,1,bpi_challenge_2012_complete,0.7902621984216924
276,Hinkka,2,bpi_challenge_2012_complete,0.8055539334469143
277,Hinkka,4,bpi_challenge_2012_complete,0.8118490893707015
278,Hinkka,0,bpi_challenge_2012_complete,0.8107103226085449
279,Hinkka,3,bpi_challenge_2012_complete,0.8016073481663348
280,Hinkka,4,bpi_challenge_2013_closed_problems,0.6448144018539186
281,Hinkka,0,bpi_challenge_2013_closed_problems,0.6863083952142186
282,Hinkka,1,bpi_challenge_2013_closed_problems,0.44261626678265703
283,Hinkka,3,bpi_challenge_2013_closed_problems,0.6851882628831404
284,Hinkka,2,bpi_challenge_2013_closed_problems,0.5429314007597954
285,Hinkka,4,bpi_challenge_2012,0.8756640370706275
286,Hinkka,0,bpi_challenge_2012,0.8730831527038984
287,Hinkka,1,bpi_challenge_2012,0.8738781237342694
288,Hinkka,2,bpi_challenge_2012,0.8697648963465473
289,Hinkka,3,bpi_challenge_2012,0.8749983945956092
290,Hinkka,0,nasa,0.8745304988587075
291,Hinkka,4,nasa,0.8871266008723176
292,Hinkka,2,nasa,0.8735423208198883
293,Hinkka,3,nasa,0.892370089248301
294,Hinkka,1,nasa,0.8744129763526661
295,Hinkka,1,bpi_challenge_2012_w_complete,0.7053643597872835
296,Hinkka,4,bpi_challenge_2012_w_complete,0.6857086925051208
297,Hinkka,3,bpi_challenge_2012_w_complete,0.694643124208153
298,Hinkka,0,bpi_challenge_2012_w_complete,0.685834213659064
299,Hinkka,2,bpi_challenge_2012_w_complete,0.6960018178306159
300,Theis_resource,3,helpdesk,0.764148553396672
301,Theis_resource,2,helpdesk,0.7451994760828697
302,Theis_resource,0,helpdesk,0.7574623504192058
303,Theis_resource,1,helpdesk,0.7690038401872865
304,Theis_resource,4,helpdesk,0.7813572603132599
305,Theis_resource,4,bpi_challenge_2012_a,0.5457772729827116
306,Theis_resource,2,bpi_challenge_2012_a,0.559690907378293
307,Theis_resource,1,bpi_challenge_2012_a,0.6053979810641622
308,Theis_resource,3,bpi_challenge_2012_a,0.5294070875207432
309,Theis_resource,0,bpi_challenge_2012_a,0.5615463333498559
310,Theis_resource,0,bpi_challenge_2013_incidents,0.48694285402673954
311,Theis_resource,2,bpi_challenge_2013_incidents,0.4998466894234315
312,Theis_resource,4,bpi_challenge_2013_incidents,0.5142096287192158
313,Theis_resource,1,bpi_challenge_2013_incidents,0.49474923188296405
314,Theis_resource,3,bpi_challenge_2013_incidents,0.48475973678666157
315,Theis_resource,2,bpi_challenge_2012_w,0.8106216045485495
316,Theis_resource,1,bpi_challenge_2012_w,0.7991077660881628
317,Theis_resource,4,bpi_challenge_2012_w,0.8106420904285968
318,Theis_resource,3,bpi_challenge_2012_w,0.8186793847540753
319,Theis_resource,0,bpi_challenge_2012_w,0.8151892536117183
320,Theis_resource,4,sepsis,0.5759728028215256
321,Theis_resource,3,sepsis,0.5532371602377042
322,Theis_resource,1,sepsis,0.5252210260757946
323,Theis_resource,2,sepsis,0.57252668312396
324,Theis_resource,0,sepsis,0.6512385441010878
325,Theis_resource,3,env_permit,0.8393370832953368
326,Theis_resource,4,env_permit,0.8125133343381258
327,Theis_resource,1,env_permit,0.8277331457225143
328,Theis_resource,0,env_permit,0.8279769638027911
329,Theis_resource,2,env_permit,0.8276278348596682
330,Theis_resource,3,bpi_challenge_2012_o,0.8298456875709439
331,Theis_resource,4,bpi_challenge_2012_o,0.8088850640689098
332,Theis_resource,1,bpi_challenge_2012_o,0.8239490361947922
333,Theis_resource,2,bpi_challenge_2012_o,0.8105014806470898
334,Theis_resource,0,bpi_challenge_2012_o,0.8284649997874616
335,Theis_resource,0,bpi_challenge_2012_complete,0.7557803287385481
336,Theis_resource,3,bpi_challenge_2012_complete,0.7629533538214128
337,Theis_resource,2,bpi_challenge_2012_complete,0.756507168142931
338,Theis_resource,4,bpi_challenge_2012_complete,0.7191385094703225
339,Theis_resource,1,bpi_challenge_2012_complete,0.7439690114005779
340,Theis_resource,1,bpi_challenge_2013_closed_problems,0.5068813431421878
341,Theis_resource,2,bpi_challenge_2013_closed_problems,0.5042236725868474
342,Theis_resource,4,bpi_challenge_2013_closed_problems,0.5267575530474407
343,Theis_resource,3,bpi_challenge_2013_closed_problems,0.566457583524147
344,Theis_resource,0,bpi_challenge_2013_closed_problems,0.4862464378014473
345,Theis_resource,4,bpi_challenge_2012,0.8127519898313122
346,Theis_resource,0,bpi_challenge_2012,0.8070642394452472
347,Theis_resource,3,bpi_challenge_2012,0.8091276392456356
348,Theis_resource,1,bpi_challenge_2012,0.8106157839934433
349,Theis_resource,2,bpi_challenge_2012,0.8165178316953067
350,Theis_resource,3,nasa,0.8474022897607367
351,Theis_resource,0,nasa,0.8512785712997919
352,Theis_resource,1,nasa,0.8530143589242704
353,Theis_resource,2,nasa,0.8492080758615291
354,Theis_resource,4,nasa,0.8478311509678754
355,Theis_resource,4,bpi_challenge_2012_w_complete,0.8437882043209236
356,Theis_resource,2,bpi_challenge_2012_w_complete,0.8562476739687555
357,Theis_resource,1,bpi_challenge_2012_w_complete,0.842554926901007
358,Theis_resource,3,bpi_challenge_2012_w_complete,0.8432930453074033
359,Theis_resource,0,bpi_challenge_2012_w_complete,0.8427798179734042
360,Theis_no_resource,3,helpdesk,0.7816909938606985
361,Theis_no_resource,2,helpdesk,0.7006735665719674
362,Theis_no_resource,0,helpdesk,0.7532294407461143
363,Theis_no_resource,1,helpdesk,0.6996697390985601
364,Theis_no_resource,4,helpdesk,0.6880802001906078
365,Theis_no_resource,4,bpi_challenge_2012_a,0.5537613254896315
366,Theis_no_resource,2,bpi_challenge_2012_a,0.5073908626230829
367,Theis_no_resource,1,bpi_challenge_2012_a,0.5527510468042985
368,Theis_no_resource,3,bpi_challenge_2012_a,0.543294079097078
369,Theis_no_resource,0,bpi_challenge_2012_a,0.5650336947633268
370,Theis_no_resource,0,bpi_challenge_2013_incidents,0.5824923778620984
371,Theis_no_resource,2,bpi_challenge_2013_incidents,0.5648792197257329
372,Theis_no_resource,4,bpi_challenge_2013_incidents,0.5560963006892342
373,Theis_no_resource,1,bpi_challenge_2013_incidents,0.5263655618725742
374,Theis_no_resource,3,bpi_challenge_2013_incidents,0.5371142605586147
375,Theis_no_resource,2,bpi_challenge_2012_w,0.7883969502149504
376,Theis_no_resource,1,bpi_challenge_2012_w,0.8178575001805932
377,Theis_no_resource,4,bpi_challenge_2012_w,0.7900648950060492
378,Theis_no_resource,3,bpi_challenge_2012_w,0.7469401458236803
379,Theis_no_resource,0,bpi_challenge_2012_w,0.7906042045695586
380,Theis_no_resource,4,sepsis,0.5806945580098108
381,Theis_no_resource,3,sepsis,0.552768116258058
382,Theis_no_resource,1,sepsis,0.5541811300694984
383,Theis_no_resource,2,sepsis,0.530807928056689
384,Theis_no_resource,0,sepsis,0.5993730666294609
385,Theis_no_resource,3,env_permit,0.8377365252083722
386,Theis_no_resource,4,env_permit,0.846239787199102
387,Theis_no_resource,1,env_permit,0.8353288624975397
388,Theis_no_resource,0,env_permit,0.8461705144177872
389,Theis_no_resource,2,env_permit,0.837941324301937
390,Theis_no_resource,3,bpi_challenge_2012_o,0.8443496030810651
391,Theis_no_resource,4,bpi_challenge_2012_o,0.8359401869438342
392,Theis_no_resource,1,bpi_challenge_2012_o,0.8478658294621956
393,Theis_no_resource,2,bpi_challenge_2012_o,0.8393273986876559
394,Theis_no_resource,0,bpi_challenge_2012_o,0.8421605924396771
395,Theis_no_resource,0,bpi_challenge_2012_complete,0.7303784770550904
396,Theis_no_resource,3,bpi_challenge_2012_complete,0.742130316408134
397,Theis_no_resource,2,bpi_challenge_2012_complete,0.7434643684901624
398,Theis_no_resource,4,bpi_challenge_2012_complete,0.7504796269906917
399,Theis_no_resource,1,bpi_challenge_2012_complete,0.7405332424987452
400,Theis_no_resource,1,bpi_challenge_2013_closed_problems,0.46844634124045886
401,Theis_no_resource,2,bpi_challenge_2013_closed_problems,0.44397092737473154
402,Theis_no_resource,4,bpi_challenge_2013_closed_problems,0.5937083739758644
403,Theis_no_resource,3,bpi_challenge_2013_closed_problems,0.5791237055319512
404,Theis_no_resource,0,bpi_challenge_2013_closed_problems,0.6127081708170986
405,Theis_no_resource,4,bpi_challenge_2012,0.8280110961887853
406,Theis_no_resource,0,bpi_challenge_2012,0.8162113917484879
407,Theis_no_resource,3,bpi_challenge_2012,0.8090457230358977
408,Theis_no_resource,1,bpi_challenge_2012,0.8252419541515889
409,Theis_no_resource,2,bpi_challenge_2012,0.828120580128339
410,Theis_no_resource,3,nasa,0.8795076406067859
411,Theis_no_resource,0,nasa,0.8778322000865332
412,Theis_no_resource,1,nasa,0.87464266726324
413,Theis_no_resource,2,nasa,0.8826909874068454
414,Theis_no_resource,4,nasa,0.8822186571523258
415,Theis_no_resource,4,bpi_challenge_2012_w_complete,0.780478772133948
416,Theis_no_resource,2,bpi_challenge_2012_w_complete,0.7908219143504613
417,Theis_no_resource,1,bpi_challenge_2012_w_complete,0.7764191236186352
418,Theis_no_resource,3,bpi_challenge_2012_w_complete,0.7882956794335237
419,Theis_no_resource,0,bpi_challenge_2012_w_complete,0.7784742326908863
420,Camargo,0,helpdesk,0.8134311201785188
421,Camargo,1,helpdesk,0.8088779789905516
422,Camargo,2,helpdesk,0.7731271681238997
423,Camargo,3,helpdesk,0.7529699788439016
424,Camargo,4,helpdesk,0.813889619691822
425,Camargo,0,bpi_challenge_2012_a,0.6653177467474833
426,Camargo,1,bpi_challenge_2012_a,0.6851056067842581
427,Camargo,2,bpi_challenge_2012_a,0.6489840787230815
428,Camargo,3,bpi_challenge_2012_a,0.6870855200736306
429,Camargo,4,bpi_challenge_2012_a,0.6738999884818831
430,Camargo,0,bpi_challenge_2013_incidents,0.6058063739991211
431,Camargo,1,bpi_challenge_2013_incidents,0.6158968662420674
432,Camargo,2,bpi_challenge_2013_incidents,0.6159868048499193
433,Camargo,3,bpi_challenge_2013_incidents,0.6185521424871239
434,Camargo,4,bpi_challenge_2013_incidents,0.597910331584957
435,Camargo,0,bpi_challenge_2012_w,0.7617657972553453
436,Camargo,1,bpi_challenge_2012_w,0.7743701739151978
437,Camargo,2,bpi_challenge_2012_w,0.7086290621385872
438,Camargo,3,bpi_challenge_2012_w,0.7746114941793948
439,Camargo,4,bpi_challenge_2012_w,0.6712383877125727
440,Camargo,0,env_permit,0.8508198750663077
441,Camargo,1,env_permit,0.8699637694608686
442,Camargo,2,env_permit,0.8566802327657196
443,Camargo,3,env_permit,0.881193238613685
444,Camargo,4,env_permit,0.8603164953116145
445,Camargo,0,bpi_challenge_2012_o,0.8923944445933668
446,Camargo,1,bpi_challenge_2012_o,0.8600008883298693
447,Camargo,2,bpi_challenge_2012_o,0.8421490259477038
448,Camargo,3,bpi_challenge_2012_o,0.8791681067262658
449,Camargo,4,bpi_challenge_2012_o,0.8788946275952393
450,Camargo,0,bpi_challenge_2012_complete,0.7628932126836325
451,Camargo,1,bpi_challenge_2012_complete,0.7737284120707546
452,Camargo,2,bpi_challenge_2012_complete,0.7557359113624246
453,Camargo,3,bpi_challenge_2012_complete,0.7661853802641603
454,Camargo,4,bpi_challenge_2012_complete,0.7822893587406112
455,Camargo,0,bpi_challenge_2013_closed_problems,0.5403671680577914
456,Camargo,1,bpi_challenge_2013_closed_problems,0.5951761972631489
457,Camargo,2,bpi_challenge_2013_closed_problems,0.6591212195318161
458,Camargo,3,bpi_challenge_2013_closed_problems,0.5879179681730526
459,Camargo,4,bpi_challenge_2013_closed_problems,0.6555239723525624
460,Camargo,0,bpi_challenge_2012,0.8072483983851492
461,Camargo,1,bpi_challenge_2012,0.8270795143366071
462,Camargo,2,bpi_challenge_2012,0.8454962894795479
463,Camargo,3,bpi_challenge_2012,0.8511911191043341
464,Camargo,4,bpi_challenge_2012,0.8076867786694708
465,Camargo,0,bpi_challenge_2012_w_complete,0.6035167370355216
466,Camargo,1,bpi_challenge_2012_w_complete,0.6196706330513984
467,Camargo,2,bpi_challenge_2012_w_complete,0.7387226127763812
468,Camargo,3,bpi_challenge_2012_w_complete,0.6772020790762769
469,Camargo,4,bpi_challenge_2012_w_complete,0.7377376963659109
470,Khan,3,helpdesk,0.708873326589439
471,Khan,2,helpdesk,0.7343774489161459
472,Khan,1,helpdesk,0.7757158009091398
473,Khan,4,helpdesk,0.7342970145530114
474,Khan,0,helpdesk,0.7386970633374418
475,Khan,0,bpi_challenge_2012_a,0.6835559795219408
476,Khan,4,bpi_challenge_2012_a,0.6673853454560312
477,Khan,3,bpi_challenge_2012_a,0.6537564081285016
478,Khan,2,bpi_challenge_2012_a,0.6696663677403475
479,Khan,1,bpi_challenge_2012_a,0.6665970304386295
480,Khan,1,bpi_challenge_2013_incidents,0.48152085634194974
481,Khan,0,bpi_challenge_2013_incidents,0.4305626846142178
482,Khan,2,bpi_challenge_2013_incidents,0.2868007087249133
483,Khan,3,bpi_challenge_2013_incidents,0.5377970484680411
484,Khan,4,bpi_challenge_2013_incidents,0.514572324799472
485,Khan,1,bpi_challenge_2012_w,0.6074525539791517
486,Khan,3,bpi_challenge_2012_w,0.7903593571993697
487,Khan,0,bpi_challenge_2012_w,0.7641018638357145
488,Khan,2,bpi_challenge_2012_w,0.7521909174028846
489,Khan,4,bpi_challenge_2012_w,0.7064229578607611
490,Khan,1,sepsis,0.2455665742768751
491,Khan,4,sepsis,0.2569245045444015
492,Khan,2,sepsis,0.19684465801553575
493,Khan,0,sepsis,0.3741025205591718
494,Khan,3,sepsis,0.19865832176295142
495,Khan,3,env_permit,0.8414543334885447
496,Khan,1,env_permit,0.8381681254077872
497,Khan,0,env_permit,0.831244027526021
498,Khan,2,env_permit,0.8118368725034418
499,Khan,4,env_permit,0.8249953945751235
500,Khan,1,bpi_challenge_2012_o,0.8151235510249525
501,Khan,2,bpi_challenge_2012_o,0.7017546384987545
502,Khan,0,bpi_challenge_2012_o,0.7943337342860299
503,Khan,3,bpi_challenge_2012_o,0.3787934195710418
504,Khan,4,bpi_challenge_2012_o,0.6553589961695276
505,Khan,1,bpi_challenge_2012_complete,0.417831876407432
506,Khan,2,bpi_challenge_2012_complete,0.6287078470366665
507,Khan,4,bpi_challenge_2012_complete,0.5737386684524248
508,Khan,0,bpi_challenge_2012_complete,0.4646755604383398
509,Khan,3,bpi_challenge_2012_complete,0.6223165710832084
510,Khan,4,bpi_challenge_2013_closed_problems,0.34616251193454645
511,Khan,0,bpi_challenge_2013_closed_problems,0.4195660957145594
512,Khan,1,bpi_challenge_2013_closed_problems,0.40107261465252886
513,Khan,3,bpi_challenge_2013_closed_problems,0.4127231036101615
514,Khan,2,bpi_challenge_2013_closed_problems,0.43539537974413267
515,Khan,4,bpi_challenge_2012,0.7802852166978992
516,Khan,0,bpi_challenge_2012,0.4355280001386356
517,Khan,1,bpi_challenge_2012,0.0008224344618036596
518,Khan,2,bpi_challenge_2012,0.6621936841317403
519,Khan,3,bpi_challenge_2012,0.7998078287873455
520,Khan,0,nasa,0.08742504718479506
521,Khan,4,nasa,0.19472542082705974
522,Khan,2,nasa,0.27974604419673144
523,Khan,3,nasa,0.1835787131158713
524,Khan,1,nasa,0.26205691926012864
525,Khan,1,bpi_challenge_2012_w_complete,0.79658610535338
526,Khan,4,bpi_challenge_2012_w_complete,0.6724599459765985
527,Khan,3,bpi_challenge_2012_w_complete,0.7227008047026748
528,Khan,0,bpi_challenge_2012_w_complete,0.3214076118862744
529,Khan,2,bpi_challenge_2012_w_complete,0.7426983309136094
