,approach,fold,log,recall
0,Tax,1,nasa,0.8981891348088531
1,Tax,0,nasa,0.8950143815915628
2,Tax,2,nasa,0.896425173304336
3,Tax,4,nasa,0.8903151317576745
4,Tax,3,nasa,0.8921568627450981
5,Tax,2,bpi_challenge_2012_w_complete,0.6900753680355004
6,Tax,0,bpi_challenge_2012_w_complete,0.6944386149003148
7,Tax,1,bpi_challenge_2012_w_complete,0.7050854113489102
8,Tax,4,bpi_challenge_2012_w_complete,0.7009173055859803
9,Tax,3,bpi_challenge_2012_w_complete,0.6988029072253099
10,Tax,4,bpi_challenge_2013_closed_problems,0.6443007275666937
11,Tax,1,bpi_challenge_2013_closed_problems,0.6337209302325582
12,Tax,3,bpi_challenge_2013_closed_problems,0.6456928838951311
13,Tax,2,bpi_challenge_2013_closed_problems,0.6373546511627907
14,Tax,0,bpi_challenge_2013_closed_problems,0.6392215568862275
15,Tax,4,bpi_challenge_2012_a,0.7965421173385775
16,Tax,0,bpi_challenge_2012_a,0.7996568347087181
17,Tax,3,bpi_challenge_2012_a,0.7803333333333333
18,Tax,2,bpi_challenge_2012_a,0.8015491235222177
19,Tax,1,bpi_challenge_2012_a,0.7982044312659583
20,Tax,0,helpdesk,0.8470533208606174
21,Tax,1,helpdesk,0.844281663516068
22,Tax,4,helpdesk,0.8462630085146642
23,Tax,3,helpdesk,0.8298957126303592
24,Tax,2,helpdesk,0.8422154991854782
25,Tax,4,env_permit,0.8456057007125891
26,Tax,2,env_permit,0.8606232294617564
27,Tax,3,env_permit,0.8641464855286474
28,Tax,1,env_permit,0.8605187319884726
29,Tax,0,env_permit,0.8547058823529412
30,Tax,1,bpi_challenge_2012_o,0.826874205844981
31,Tax,3,bpi_challenge_2012_o,0.8284779560679234
32,Tax,0,bpi_challenge_2012_o,0.8271822849807445
33,Tax,4,bpi_challenge_2012_o,0.8305609915198956
34,Tax,2,bpi_challenge_2012_o,0.8012976480129764
35,Tax,0,bpi_challenge_2012_complete,0.7997499542599256
36,Tax,3,bpi_challenge_2012_complete,0.8028073002199981
37,Tax,2,bpi_challenge_2012_complete,0.803477739469345
38,Tax,4,bpi_challenge_2012_complete,0.8063998060664829
39,Tax,1,bpi_challenge_2012_complete,0.8066378502554182
40,Tax,4,bpi_challenge_2012_w,0.8496408944200518
41,Tax,3,bpi_challenge_2012_w,0.8559309195576428
42,Tax,1,bpi_challenge_2012_w,0.8562648414583043
43,Tax,2,bpi_challenge_2012_w,0.8500509317514531
44,Tax,0,bpi_challenge_2012_w,0.8554773689546187
45,Tax,2,bpi_challenge_2013_incidents,0.6972321014380702
46,Tax,3,bpi_challenge_2013_incidents,0.6981965403018034
47,Tax,1,bpi_challenge_2013_incidents,0.7020778003436963
48,Tax,4,bpi_challenge_2013_incidents,0.7005405405405405
49,Tax,0,bpi_challenge_2013_incidents,0.7066053385613029
50,Tax,3,bpi_challenge_2012,0.8527865608814572
51,Tax,2,bpi_challenge_2012,0.8553208299629413
52,Tax,4,bpi_challenge_2012,0.8577015072705874
53,Tax,1,bpi_challenge_2012,0.8581081081081081
54,Tax,0,bpi_challenge_2012,0.8489495151608435
55,Tax,0,sepsis,0.6518076518076518
56,Tax,3,sepsis,0.6416031798608811
57,Tax,2,sepsis,0.6343810134701732
58,Tax,4,sepsis,0.649912739965096
59,Tax,1,sepsis,0.633423180592992
60,Evermann,2,nasa,0.21489737664809025
61,Evermann,1,nasa,0.1466130114017438
62,Evermann,0,nasa,0.1953157101766881
63,Evermann,3,nasa,0.22889433551198257
64,Evermann,4,nasa,0.232613420266232
65,Evermann,3,bpi_challenge_2012_w_complete,0.6782813168020522
66,Evermann,0,bpi_challenge_2012_w_complete,0.6742217558586918
67,Evermann,1,bpi_challenge_2012_w_complete,0.6834216899011716
68,Evermann,4,bpi_challenge_2012_w_complete,0.664498904709748
69,Evermann,2,bpi_challenge_2012_w_complete,0.6760583221807425
70,Evermann,2,bpi_challenge_2013_closed_problems,0.6140988372093024
71,Evermann,1,bpi_challenge_2013_closed_problems,0.6148255813953488
72,Evermann,3,bpi_challenge_2013_closed_problems,0.5685393258426966
73,Evermann,4,bpi_challenge_2013_closed_problems,0.5715440582053355
74,Evermann,0,bpi_challenge_2013_closed_problems,0.5726047904191617
75,Evermann,4,bpi_challenge_2012_a,0.7506555227794166
76,Evermann,0,bpi_challenge_2012_a,0.7560258191028679
77,Evermann,2,bpi_challenge_2012_a,0.7588259274357929
78,Evermann,3,bpi_challenge_2012_a,0.7651666666666667
79,Evermann,1,bpi_challenge_2012_a,0.7601515525903961
80,Evermann,1,helpdesk,0.8390831758034026
81,Evermann,0,helpdesk,0.8369971936389149
82,Evermann,2,helpdesk,0.836397486618571
83,Evermann,4,helpdesk,0.8450804162724692
84,Evermann,3,helpdesk,0.8254924681344148
85,Evermann,3,env_permit,0.7867690490253987
86,Evermann,4,env_permit,0.7737529691211401
87,Evermann,2,env_permit,0.7558073654390934
88,Evermann,1,env_permit,0.7435158501440923
89,Evermann,0,env_permit,0.7494117647058823
90,Evermann,0,bpi_challenge_2012_o,0.7942875481386393
91,Evermann,1,bpi_challenge_2012_o,0.7941550190597204
92,Evermann,2,bpi_challenge_2012_o,0.7938361719383618
93,Evermann,3,bpi_challenge_2012_o,0.7948278548060446
94,Evermann,4,bpi_challenge_2012_o,0.7937051532941944
95,Evermann,4,bpi_challenge_2012_complete,0.6218902457501287
96,Evermann,0,bpi_challenge_2012_complete,0.622186985424163
97,Evermann,3,bpi_challenge_2012_complete,0.6255693613856784
98,Evermann,1,bpi_challenge_2012_complete,0.625426956442886
99,Evermann,2,bpi_challenge_2012_complete,0.6241043321840803
100,Evermann,1,bpi_challenge_2012_w,0.7573404106718815
101,Evermann,2,bpi_challenge_2012_w,0.7547486368266523
102,Evermann,3,bpi_challenge_2012_w,0.7531889107710953
103,Evermann,4,bpi_challenge_2012_w,0.7519990695240034
104,Evermann,0,bpi_challenge_2012_w,0.7512075854254875
105,Evermann,0,bpi_challenge_2013_incidents,0.6656612878902126
106,Evermann,4,bpi_challenge_2013_incidents,0.6678764478764478
107,Evermann,2,bpi_challenge_2013_incidents,0.6676975413638472
108,Evermann,1,bpi_challenge_2013_incidents,0.6675519450085924
109,Evermann,3,bpi_challenge_2013_incidents,0.6700036805299964
110,Evermann,3,bpi_challenge_2012,0.6084654031929545
111,Evermann,2,bpi_challenge_2012,0.5782652043868395
112,Evermann,0,bpi_challenge_2012,0.6051062028628598
113,Evermann,1,bpi_challenge_2012,0.594840638958286
114,Evermann,4,bpi_challenge_2012,0.5798056114507005
115,Evermann,2,sepsis,0.4018601667735728
116,Evermann,3,sepsis,0.39350778403444847
117,Evermann,4,sepsis,0.4017452006980803
118,Evermann,0,sepsis,0.3875043875043875
119,Evermann,1,sepsis,0.41539383048817013
120,Pasquadibisceglie,3,nasa,0.8716754850088183
121,Pasquadibisceglie,2,nasa,0.8895148228997958
122,Pasquadibisceglie,1,nasa,0.8869903452108078
123,Pasquadibisceglie,4,nasa,0.8889592569136584
124,Pasquadibisceglie,0,nasa,0.8762776831345827
125,Pasquadibisceglie,4,bpi_challenge_2012_w_complete,0.6912518734716415
126,Pasquadibisceglie,0,bpi_challenge_2012_w_complete,0.6701447868640298
127,Pasquadibisceglie,3,bpi_challenge_2012_w_complete,0.6780963397504751
128,Pasquadibisceglie,1,bpi_challenge_2012_w_complete,0.6884693189480782
129,Pasquadibisceglie,2,bpi_challenge_2012_w_complete,0.6891153689359968
130,Pasquadibisceglie,1,bpi_challenge_2013_closed_problems,0.48794063079777367
131,Pasquadibisceglie,3,bpi_challenge_2013_closed_problems,0.4951830443159923
132,Pasquadibisceglie,2,bpi_challenge_2013_closed_problems,0.5013901760889713
133,Pasquadibisceglie,0,bpi_challenge_2013_closed_problems,0.4441233140655106
134,Pasquadibisceglie,4,bpi_challenge_2013_closed_problems,0.44361702127659575
135,Pasquadibisceglie,3,bpi_challenge_2012_a,0.7387829052541831
136,Pasquadibisceglie,2,bpi_challenge_2012_a,0.7473051409618574
137,Pasquadibisceglie,0,bpi_challenge_2012_a,0.7409832657727887
138,Pasquadibisceglie,4,bpi_challenge_2012_a,0.7366225096484823
139,Pasquadibisceglie,1,bpi_challenge_2012_a,0.7424131051139347
140,Pasquadibisceglie,1,helpdesk,0.841978287092883
141,Pasquadibisceglie,4,helpdesk,0.8408816425120773
142,Pasquadibisceglie,2,helpdesk,0.8411712511091393
143,Pasquadibisceglie,3,helpdesk,0.8246543100912033
144,Pasquadibisceglie,0,helpdesk,0.8476190476190476
145,Pasquadibisceglie,0,env_permit,0.8662420382165605
146,Pasquadibisceglie,4,env_permit,0.8619456366237482
147,Pasquadibisceglie,2,env_permit,0.8626522327469553
148,Pasquadibisceglie,1,env_permit,0.8646408839779005
149,Pasquadibisceglie,3,env_permit,0.8790896159317212
150,Pasquadibisceglie,0,bpi_challenge_2012_o,0.7896347293937656
151,Pasquadibisceglie,4,bpi_challenge_2012_o,0.7935270033144862
152,Pasquadibisceglie,1,bpi_challenge_2012_o,0.7908558473455507
153,Pasquadibisceglie,2,bpi_challenge_2012_o,0.791747384734599
154,Pasquadibisceglie,3,bpi_challenge_2012_o,0.7784342688330872
155,Pasquadibisceglie,3,bpi_challenge_2012_complete,0.7460210412732667
156,Pasquadibisceglie,2,bpi_challenge_2012_complete,0.7506343939098185
157,Pasquadibisceglie,0,bpi_challenge_2012_complete,0.7389978791092259
158,Pasquadibisceglie,1,bpi_challenge_2012_complete,0.7418348924995897
159,Pasquadibisceglie,4,bpi_challenge_2012_complete,0.7524354923644023
160,Pasquadibisceglie,1,bpi_challenge_2012_w,0.8044768626524526
161,Pasquadibisceglie,3,bpi_challenge_2012_w,0.8157301924438437
162,Pasquadibisceglie,0,bpi_challenge_2012_w,0.8078212997532114
163,Pasquadibisceglie,4,bpi_challenge_2012_w,0.8196857670979667
164,Pasquadibisceglie,2,bpi_challenge_2012_w,0.81202696686383
165,Pasquadibisceglie,2,bpi_challenge_2013_incidents,0.4561848901339403
166,Pasquadibisceglie,0,bpi_challenge_2013_incidents,0.46208833290783763
167,Pasquadibisceglie,4,bpi_challenge_2013_incidents,0.458479020979021
168,Pasquadibisceglie,1,bpi_challenge_2013_incidents,0.45903817199539454
169,Pasquadibisceglie,3,bpi_challenge_2013_incidents,0.4658770912704986
170,Pasquadibisceglie,4,bpi_challenge_2012,0.834821517748347
171,Pasquadibisceglie,0,bpi_challenge_2012,0.8296730013371693
172,Pasquadibisceglie,3,bpi_challenge_2012,0.8349205051702293
173,Pasquadibisceglie,1,bpi_challenge_2012,0.8245250706917838
174,Pasquadibisceglie,2,bpi_challenge_2012,0.838550116734597
175,Pasquadibisceglie,1,sepsis,0.5516139341642697
176,Pasquadibisceglie,2,sepsis,0.5620488140254383
177,Pasquadibisceglie,3,sepsis,0.546813812744749
178,Pasquadibisceglie,4,sepsis,0.5774011299435028
179,Pasquadibisceglie,0,sepsis,0.5695339143615006
180,Mauro,3,nasa,0.38174019607843135
181,Mauro,2,nasa,0.17439173576185946
182,Mauro,1,nasa,0.16961770623742456
183,Mauro,4,nasa,0.1721678891605542
184,Mauro,0,nasa,0.1536775784139159
185,Mauro,4,bpi_challenge_2012_w_complete,0.6770947426067908
186,Mauro,0,bpi_challenge_2012_w_complete,0.6868135711787339
187,Mauro,1,bpi_challenge_2012_w_complete,0.6952680149224426
188,Mauro,3,bpi_challenge_2012_w_complete,0.6893971782813167
189,Mauro,2,bpi_challenge_2012_w_complete,0.6836655631471438
190,Mauro,3,bpi_challenge_2013_closed_problems,0.250936329588015
191,Mauro,4,bpi_challenge_2013_closed_problems,0.23524656426839127
192,Mauro,0,bpi_challenge_2013_closed_problems,0.23952095808383234
193,Mauro,2,bpi_challenge_2013_closed_problems,0.26526162790697677
194,Mauro,1,bpi_challenge_2013_closed_problems,0.2558139534883721
195,Mauro,4,bpi_challenge_2012_a,0.7966240576860046
196,Mauro,1,bpi_challenge_2012_a,0.7963923894242649
197,Mauro,0,bpi_challenge_2012_a,0.7968788299697688
198,Mauro,3,bpi_challenge_2012_a,0.79725
199,Mauro,2,bpi_challenge_2012_a,0.8009783938035059
200,Mauro,1,helpdesk,0.2757561436672968
201,Mauro,4,helpdesk,0.4195837275307474
202,Mauro,0,helpdesk,0.24204864359214218
203,Mauro,3,helpdesk,0.40973348783314023
204,Mauro,2,helpdesk,0.24249476378868978
205,Mauro,0,env_permit,0.5270588235294118
206,Mauro,4,env_permit,0.5403800475059383
207,Mauro,2,env_permit,0.5365439093484419
208,Mauro,1,env_permit,0.5198847262247839
209,Mauro,3,env_permit,0.5558180744240993
210,Mauro,4,bpi_challenge_2012_o,0.8232224396607958
211,Mauro,1,bpi_challenge_2012_o,0.8316391359593392
212,Mauro,3,bpi_challenge_2012_o,0.8247390559277146
213,Mauro,0,bpi_challenge_2012_o,0.8258985879332478
214,Mauro,2,bpi_challenge_2012_o,0.8313057583130575
215,Mauro,1,bpi_challenge_2012_complete,0.8029803826738808
216,Mauro,0,bpi_challenge_2012_complete,0.7984082454107458
217,Mauro,3,bpi_challenge_2012_complete,0.801691816688873
218,Mauro,4,bpi_challenge_2012_complete,0.7997333414138965
219,Mauro,2,bpi_challenge_2012_complete,0.8004197271773348
220,Mauro,3,bpi_challenge_2012_w,0.8601121042266323
221,Mauro,4,bpi_challenge_2012_w,0.8588584222616382
222,Mauro,2,bpi_challenge_2012_w,0.8554736652885134
223,Mauro,0,bpi_challenge_2012_w,0.8620669091776493
224,Mauro,1,bpi_challenge_2012_w,0.8625226987009359
225,Mauro,2,bpi_challenge_2013_incidents,0.3554198237204268
226,Mauro,0,bpi_challenge_2013_incidents,0.3524355300859599
227,Mauro,4,bpi_challenge_2013_incidents,0.3884169884169884
228,Mauro,1,bpi_challenge_2013_incidents,0.36744258709576627
229,Mauro,3,bpi_challenge_2013_incidents,0.36981965403018036
230,Mauro,1,bpi_challenge_2012,0.8094481035657506
231,Mauro,0,bpi_challenge_2012,0.8548560874249653
232,Mauro,3,bpi_challenge_2012,0.8565498244456946
233,Mauro,4,bpi_challenge_2012,0.8561069137021148
234,Mauro,2,bpi_challenge_2012,0.8558851746646852
235,Mauro,2,sepsis,0.5776138550352791
236,Mauro,0,sepsis,0.6532116532116532
237,Mauro,3,sepsis,0.576018549188473
238,Mauro,4,sepsis,0.6453752181500872
239,Mauro,1,sepsis,0.6238394728960767
240,Hinkka,0,nasa,0.8803588549513766
241,Hinkka,4,nasa,0.8892284705243141
242,Hinkka,2,nasa,0.8803860269131439
243,Hinkka,3,nasa,0.8907271241830066
244,Hinkka,1,nasa,0.8800804828973843
245,Hinkka,1,bpi_challenge_2012_w_complete,0.7120559741657696
246,Hinkka,4,bpi_challenge_2012_w_complete,0.7050821174314513
247,Hinkka,3,bpi_challenge_2012_w_complete,0.7053453099690767
248,Hinkka,0,bpi_challenge_2012_w_complete,0.6976004625614339
249,Hinkka,2,bpi_challenge_2012_w_complete,0.7070156306797528
250,Hinkka,4,bpi_challenge_2013_closed_problems,0.6488673139158576
251,Hinkka,0,bpi_challenge_2013_closed_problems,0.6661676646706587
252,Hinkka,1,bpi_challenge_2013_closed_problems,0.5879360465116279
253,Hinkka,3,bpi_challenge_2013_closed_problems,0.6584269662921348
254,Hinkka,2,bpi_challenge_2013_closed_problems,0.6119186046511628
255,Hinkka,0,bpi_challenge_2012_a,0.8108505596862489
256,Hinkka,4,bpi_challenge_2012_a,0.8102261553588987
257,Hinkka,3,bpi_challenge_2012_a,0.8114166666666667
258,Hinkka,2,bpi_challenge_2012_a,0.8149205055034652
259,Hinkka,1,bpi_challenge_2012_a,0.8118771106169179
260,Hinkka,3,helpdesk,0.8180764774044033
261,Hinkka,2,helpdesk,0.8315103560623691
262,Hinkka,1,helpdesk,0.8324669187145558
263,Hinkka,4,helpdesk,0.8396404919583728
264,Hinkka,0,helpdesk,0.8320860617399439
265,Hinkka,3,env_permit,0.8593656493117894
266,Hinkka,1,env_permit,0.8407234539089848
267,Hinkka,0,env_permit,0.8444976076555024
268,Hinkka,2,env_permit,0.8340011448196909
269,Hinkka,4,env_permit,0.8430899215449608
270,Hinkka,1,bpi_challenge_2012_o,0.8705527318932655
271,Hinkka,2,bpi_challenge_2012_o,0.8736415247364152
272,Hinkka,0,bpi_challenge_2012_o,0.8730744544287549
273,Hinkka,3,bpi_challenge_2012_o,0.8705405826452719
274,Hinkka,4,bpi_challenge_2012_o,0.8739399869536856
275,Hinkka,1,bpi_challenge_2012_complete,0.8066076232506121
276,Hinkka,2,bpi_challenge_2012_complete,0.8076150502173587
277,Hinkka,4,bpi_challenge_2012_complete,0.8082179327899155
278,Hinkka,0,bpi_challenge_2012_complete,0.8049643227419649
279,Hinkka,3,bpi_challenge_2012_complete,0.804759396399467
280,Hinkka,1,bpi_challenge_2012_w,0.8503981002933371
281,Hinkka,3,bpi_challenge_2012_w,0.8477200424178155
282,Hinkka,0,bpi_challenge_2012_w,0.8468006440455602
283,Hinkka,2,bpi_challenge_2012_w,0.8470549463718617
284,Hinkka,4,bpi_challenge_2012_w,0.8469948533046436
285,Hinkka,1,bpi_challenge_2013_incidents,0.7495703796281831
286,Hinkka,0,bpi_challenge_2013_incidents,0.745739707434776
287,Hinkka,2,bpi_challenge_2013_incidents,0.7501159734034328
288,Hinkka,3,bpi_challenge_2013_incidents,0.7380934854619066
289,Hinkka,4,bpi_challenge_2013_incidents,0.7510232450382269
290,Hinkka,4,bpi_challenge_2012,0.8674399179923308
291,Hinkka,0,bpi_challenge_2012,0.8653609358165307
292,Hinkka,1,bpi_challenge_2012,0.8667953667953668
293,Hinkka,2,bpi_challenge_2012,0.8676047329708986
294,Hinkka,3,bpi_challenge_2012,0.865511823243002
295,Hinkka,1,sepsis,0.6244384546271339
296,Hinkka,4,sepsis,0.6387434554973822
297,Hinkka,2,sepsis,0.6340602950609365
298,Hinkka,0,sepsis,0.6374166374166375
299,Hinkka,3,sepsis,0.640278237827095
300,Theis_resource,3,nasa,0.8642689715792558
301,Theis_resource,0,nasa,0.8654781199351702
302,Theis_resource,1,nasa,0.8619994237971766
303,Theis_resource,2,nasa,0.863895382817066
304,Theis_resource,4,nasa,0.8614396262228062
305,Theis_resource,4,bpi_challenge_2012_w_complete,0.8378257365451778
306,Theis_resource,2,bpi_challenge_2012_w_complete,0.8490951276102088
307,Theis_resource,1,bpi_challenge_2012_w_complete,0.8344885883347422
308,Theis_resource,3,bpi_challenge_2012_w_complete,0.8357492469879518
309,Theis_resource,0,bpi_challenge_2012_w_complete,0.8349862258953168
310,Theis_resource,1,bpi_challenge_2013_closed_problems,0.532051282051282
311,Theis_resource,2,bpi_challenge_2013_closed_problems,0.5268542199488491
312,Theis_resource,4,bpi_challenge_2013_closed_problems,0.5543478260869565
313,Theis_resource,3,bpi_challenge_2013_closed_problems,0.5978407557354926
314,Theis_resource,0,bpi_challenge_2013_closed_problems,0.5216216216216216
315,Theis_resource,4,bpi_challenge_2012_a,0.651793400286944
316,Theis_resource,2,bpi_challenge_2012_a,0.6634902574313754
317,Theis_resource,1,bpi_challenge_2012_a,0.6538740043446778
318,Theis_resource,3,bpi_challenge_2012_a,0.6523795447827372
319,Theis_resource,0,bpi_challenge_2012_a,0.6620019991432243
320,Theis_resource,3,helpdesk,0.7829238824003222
321,Theis_resource,2,helpdesk,0.7926977687626775
322,Theis_resource,0,helpdesk,0.7978723404255319
323,Theis_resource,1,helpdesk,0.8045833333333333
324,Theis_resource,4,helpdesk,0.8062630480167015
325,Theis_resource,3,env_permit,0.8588957055214724
326,Theis_resource,4,env_permit,0.8498683055311677
327,Theis_resource,1,env_permit,0.8510998307952623
328,Theis_resource,0,env_permit,0.8535528596187175
329,Theis_resource,2,env_permit,0.8427152317880795
330,Theis_resource,3,bpi_challenge_2012_o,0.7650124631769771
331,Theis_resource,4,bpi_challenge_2012_o,0.7624818225884634
332,Theis_resource,1,bpi_challenge_2012_o,0.7731934731934732
333,Theis_resource,2,bpi_challenge_2012_o,0.7679730704496273
334,Theis_resource,0,bpi_challenge_2012_o,0.7756743965925225
335,Theis_resource,0,bpi_challenge_2012_complete,0.7559329414326148
336,Theis_resource,3,bpi_challenge_2012_complete,0.7543548208143792
337,Theis_resource,2,bpi_challenge_2012_complete,0.7612816044948615
338,Theis_resource,4,bpi_challenge_2012_complete,0.7565095256959701
339,Theis_resource,1,bpi_challenge_2012_complete,0.759327755233957
340,Theis_resource,2,bpi_challenge_2012_w,0.8638273361794403
341,Theis_resource,1,bpi_challenge_2012_w,0.8586326767091541
342,Theis_resource,4,bpi_challenge_2012_w,0.8706148252481247
343,Theis_resource,3,bpi_challenge_2012_w,0.8776378547163984
344,Theis_resource,0,bpi_challenge_2012_w,0.8723124620880232
345,Theis_resource,0,bpi_challenge_2013_incidents,0.51689453125
346,Theis_resource,2,bpi_challenge_2013_incidents,0.5249192897497982
347,Theis_resource,4,bpi_challenge_2013_incidents,0.5195367573011077
348,Theis_resource,1,bpi_challenge_2013_incidents,0.5145194274028629
349,Theis_resource,3,bpi_challenge_2013_incidents,0.4991006342895011
350,Theis_resource,4,bpi_challenge_2012,0.8086586291206475
351,Theis_resource,0,bpi_challenge_2012,0.8080231065468549
352,Theis_resource,3,bpi_challenge_2012,0.8056221257853488
353,Theis_resource,1,bpi_challenge_2012,0.8078151260504202
354,Theis_resource,2,bpi_challenge_2012,0.8179447052686489
355,Theis_resource,4,sepsis,0.5942145439935718
356,Theis_resource,3,sepsis,0.5755422587883321
357,Theis_resource,1,sepsis,0.5481142051462813
358,Theis_resource,2,sepsis,0.5893719806763285
359,Theis_resource,0,sepsis,0.599669830788279
360,Theis_no_resource,3,nasa,0.8915177263404629
361,Theis_no_resource,0,nasa,0.888536908796228
362,Theis_no_resource,1,nasa,0.8877124747911265
363,Theis_no_resource,2,nasa,0.8901227352425483
364,Theis_no_resource,4,nasa,0.8900569426193605
365,Theis_no_resource,4,bpi_challenge_2012_w_complete,0.7973493328557356
366,Theis_no_resource,2,bpi_challenge_2012_w_complete,0.8061252900232019
367,Theis_no_resource,1,bpi_challenge_2012_w_complete,0.7983939137785292
368,Theis_no_resource,3,bpi_challenge_2012_w_complete,0.803746234939759
369,Theis_no_resource,0,bpi_challenge_2012_w_complete,0.7974288337924702
370,Theis_no_resource,1,bpi_challenge_2013_closed_problems,0.5717948717948718
371,Theis_no_resource,2,bpi_challenge_2013_closed_problems,0.5588235294117647
372,Theis_no_resource,4,bpi_challenge_2013_closed_problems,0.610248447204969
373,Theis_no_resource,3,bpi_challenge_2013_closed_problems,0.6194331983805668
374,Theis_no_resource,0,bpi_challenge_2013_closed_problems,0.6135135135135135
375,Theis_no_resource,4,bpi_challenge_2012_a,0.6552367288378766
376,Theis_no_resource,2,bpi_challenge_2012_a,0.6486986203953918
377,Theis_no_resource,1,bpi_challenge_2012_a,0.6545981173062998
378,Theis_no_resource,3,bpi_challenge_2012_a,0.6537097250960686
379,Theis_no_resource,0,bpi_challenge_2012_a,0.6630015707553906
380,Theis_no_resource,3,helpdesk,0.7692307692307693
381,Theis_no_resource,2,helpdesk,0.7918864097363083
382,Theis_no_resource,0,helpdesk,0.7937806873977087
383,Theis_no_resource,1,helpdesk,0.7941666666666667
384,Theis_no_resource,4,helpdesk,0.7895615866388309
385,Theis_no_resource,3,env_permit,0.8615249780893953
386,Theis_no_resource,4,env_permit,0.8683055311676909
387,Theis_no_resource,1,env_permit,0.8587140439932318
388,Theis_no_resource,0,env_permit,0.8552859618717504
389,Theis_no_resource,2,env_permit,0.8708609271523179
390,Theis_no_resource,3,bpi_challenge_2012_o,0.7806480852028099
391,Theis_no_resource,4,bpi_challenge_2012_o,0.7862336403296171
392,Theis_no_resource,1,bpi_challenge_2012_o,0.786013986013986
393,Theis_no_resource,2,bpi_challenge_2012_o,0.7821591728780957
394,Theis_no_resource,0,bpi_challenge_2012_o,0.783719829626124
395,Theis_no_resource,0,bpi_challenge_2012_complete,0.7478409173379781
396,Theis_no_resource,3,bpi_challenge_2012_complete,0.7505455083398055
397,Theis_no_resource,2,bpi_challenge_2012_complete,0.7556274670175314
398,Theis_no_resource,4,bpi_challenge_2012_complete,0.7548888968919941
399,Theis_no_resource,1,bpi_challenge_2012_complete,0.7541566416490106
400,Theis_no_resource,2,bpi_challenge_2012_w,0.8777529308124957
401,Theis_no_resource,1,bpi_challenge_2012_w,0.8714728633616236
402,Theis_no_resource,4,bpi_challenge_2012_w,0.8502735104327034
403,Theis_no_resource,3,bpi_challenge_2012_w,0.8325155268846721
404,Theis_no_resource,0,bpi_challenge_2012_w,0.8788838714025746
405,Theis_no_resource,0,bpi_challenge_2013_incidents,0.59853515625
406,Theis_no_resource,2,bpi_challenge_2013_incidents,0.5983656174334141
407,Theis_no_resource,4,bpi_challenge_2013_incidents,0.5880161127895267
408,Theis_no_resource,1,bpi_challenge_2013_incidents,0.591922290388548
409,Theis_no_resource,3,bpi_challenge_2013_incidents,0.5934866988544921
410,Theis_no_resource,4,bpi_challenge_2012,0.8342888457971503
411,Theis_no_resource,0,bpi_challenge_2012,0.8300171159606333
412,Theis_no_resource,3,bpi_challenge_2012,0.8124662650862534
413,Theis_no_resource,1,bpi_challenge_2012,0.8335924369747899
414,Theis_no_resource,2,bpi_challenge_2012,0.833907146583203
415,Theis_no_resource,4,sepsis,0.568903173965448
416,Theis_no_resource,3,sepsis,0.5508601346297681
417,Theis_no_resource,1,sepsis,0.5241452238279873
418,Theis_no_resource,2,sepsis,0.5421776291341509
419,Theis_no_resource,0,sepsis,0.6009079653322328
420,Camargo,0,bpi_challenge_2012_w_complete,0.6231549492829661
421,Camargo,1,bpi_challenge_2012_w_complete,0.6643104915243144
422,Camargo,2,bpi_challenge_2012_w_complete,0.7394519969007537
423,Camargo,3,bpi_challenge_2012_w_complete,0.6972352857346444
424,Camargo,4,bpi_challenge_2012_w_complete,0.7231653888280394
425,Camargo,0,bpi_challenge_2013_closed_problems,0.5082335329341318
426,Camargo,1,bpi_challenge_2013_closed_problems,0.5486918604651163
427,Camargo,2,bpi_challenge_2013_closed_problems,0.563953488372093
428,Camargo,3,bpi_challenge_2013_closed_problems,0.5782771535580524
429,Camargo,4,bpi_challenge_2013_closed_problems,0.534357316087308
430,Camargo,0,bpi_challenge_2012_a,0.7426260315385244
431,Camargo,1,bpi_challenge_2012_a,0.7753891771682728
432,Camargo,2,bpi_challenge_2012_a,0.7388503872808806
433,Camargo,3,bpi_challenge_2012_a,0.7789166666666667
434,Camargo,4,bpi_challenge_2012_a,0.7630285152409046
435,Camargo,0,helpdesk,0.8320860617399439
436,Camargo,1,helpdesk,0.8301039697542533
437,Camargo,2,helpdesk,0.8298813125436351
438,Camargo,3,helpdesk,0.8159907300115875
439,Camargo,4,helpdesk,0.8384578997161779
440,Camargo,0,env_permit,0.8452941176470589
441,Camargo,1,env_permit,0.8530259365994236
442,Camargo,2,env_permit,0.8521246458923513
443,Camargo,3,env_permit,0.8759598346131128
444,Camargo,4,env_permit,0.8628266033254157
445,Camargo,0,bpi_challenge_2012_o,0.8194801026957638
446,Camargo,1,bpi_challenge_2012_o,0.8157560355781448
447,Camargo,2,bpi_challenge_2012_o,0.7982157339821574
448,Camargo,3,bpi_challenge_2012_o,0.821467518305032
449,Camargo,4,bpi_challenge_2012_o,0.8127853881278538
450,Camargo,0,bpi_challenge_2012_complete,0.7801122156492041
451,Camargo,1,bpi_challenge_2012_complete,0.7815796632711665
452,Camargo,2,bpi_challenge_2012_complete,0.7773647129365913
453,Camargo,3,bpi_challenge_2012_complete,0.776128652433923
454,Camargo,4,bpi_challenge_2012_complete,0.7812490530589982
455,Camargo,0,bpi_challenge_2012_w,0.8133162382968573
456,Camargo,1,bpi_challenge_2012_w,0.8113703031149602
457,Camargo,2,bpi_challenge_2012_w,0.6874588052010306
458,Camargo,3,bpi_challenge_2012_w,0.8226632328435085
459,Camargo,4,bpi_challenge_2012_w,0.6849466430170684
460,Camargo,0,bpi_challenge_2013_incidents,0.6646056401749361
461,Camargo,1,bpi_challenge_2013_incidents,0.6655210123418216
462,Camargo,2,bpi_challenge_2013_incidents,0.6667697541363847
463,Camargo,3,bpi_challenge_2013_incidents,0.6681634155318366
464,Camargo,4,bpi_challenge_2013_incidents,0.6691891891891892
465,Camargo,0,bpi_challenge_2012,0.8300754194243497
466,Camargo,1,bpi_challenge_2012,0.8340525399348929
467,Camargo,2,bpi_challenge_2012,0.8410429090088226
468,Camargo,3,bpi_challenge_2012,0.8361622470951097
469,Camargo,4,bpi_challenge_2012,0.8227723148183302
470,Khan,0,nasa,0.0814877910278251
471,Khan,4,nasa,0.13151783829427907
472,Khan,2,nasa,0.1292162523765932
473,Khan,3,nasa,0.16197530864197532
474,Khan,1,nasa,0.13134680836285337
475,Khan,1,bpi_challenge_2012_w_complete,0.7036038060987487
476,Khan,4,bpi_challenge_2012_w_complete,0.6432909994478189
477,Khan,3,bpi_challenge_2012_w_complete,0.520697347765017
478,Khan,0,bpi_challenge_2012_w_complete,0.364393755560948
479,Khan,2,bpi_challenge_2012_w_complete,0.3789645332246229
480,Khan,4,bpi_challenge_2013_closed_problems,0.3553191489361702
481,Khan,0,bpi_challenge_2013_closed_problems,0.4161849710982659
482,Khan,1,bpi_challenge_2013_closed_problems,0.47866419294990725
483,Khan,3,bpi_challenge_2013_closed_problems,0.4951830443159923
484,Khan,2,bpi_challenge_2013_closed_problems,0.43373493975903615
485,Khan,0,bpi_challenge_2012_a,0.7543914354017254
486,Khan,4,bpi_challenge_2012_a,0.7485136121831647
487,Khan,3,bpi_challenge_2012_a,0.7398486624746883
488,Khan,2,bpi_challenge_2012_a,0.7525912106135987
489,Khan,1,bpi_challenge_2012_a,0.749763729917043
490,Khan,3,helpdesk,0.784348337746396
491,Khan,2,helpdesk,0.8024253179532682
492,Khan,1,helpdesk,0.8003618817852834
493,Khan,4,helpdesk,0.8061594202898551
494,Khan,0,helpdesk,0.8053571428571429
495,Khan,3,env_permit,0.8499288762446657
496,Khan,1,env_permit,0.8425414364640884
497,Khan,0,env_permit,0.8251946213729653
498,Khan,2,env_permit,0.8335588633288228
499,Khan,4,env_permit,0.8283261802575107
500,Khan,1,bpi_challenge_2012_o,0.8074815794445495
501,Khan,2,bpi_challenge_2012_o,0.7297559085625727
502,Khan,0,bpi_challenge_2012_o,0.7972843755976287
503,Khan,3,bpi_challenge_2012_o,0.36392171344165436
504,Khan,4,bpi_challenge_2012_o,0.6057711054786508
505,Khan,1,bpi_challenge_2012_complete,0.3434432955850977
506,Khan,2,bpi_challenge_2012_complete,0.5473355455787624
507,Khan,4,bpi_challenge_2012_complete,0.5840903106898367
508,Khan,0,bpi_challenge_2012_complete,0.3140906680805938
509,Khan,3,bpi_challenge_2012_complete,0.5794105745886161
510,Khan,1,bpi_challenge_2012_w,0.4127809113191389
511,Khan,3,bpi_challenge_2012_w,0.5860848297612151
512,Khan,0,bpi_challenge_2012_w,0.7227108776814529
513,Khan,2,bpi_challenge_2012_w,0.6105387012656618
514,Khan,4,bpi_challenge_2012_w,0.6755083179297597
515,Khan,1,bpi_challenge_2013_incidents,0.49729873350456116
516,Khan,0,bpi_challenge_2013_incidents,0.5533997106629223
517,Khan,2,bpi_challenge_2013_incidents,0.41749102687560186
518,Khan,3,bpi_challenge_2013_incidents,0.5930925956600961
519,Khan,4,bpi_challenge_2013_incidents,0.5342657342657343
520,Khan,4,bpi_challenge_2012,0.7411158386768143
521,Khan,0,bpi_challenge_2012,0.1270715993354674
522,Khan,1,bpi_challenge_2012,0.02867497709984468
523,Khan,2,bpi_challenge_2012,0.46086423172806773
524,Khan,3,bpi_challenge_2012,0.7871009931744799
525,Khan,1,sepsis,0.18376478108021732
526,Khan,4,sepsis,0.10734463276836158
527,Khan,2,sepsis,0.2402887590237195
528,Khan,0,sepsis,0.2410003789314134
529,Khan,3,sepsis,0.27803488786044855
