,approach,f1-score,fold,log
0,Tax,0.5900304632068603,4,bpi_challenge_2013_closed_problems
1,Tax,0.5669914214033331,1,bpi_challenge_2013_closed_problems
2,Tax,0.5946063410776677,3,bpi_challenge_2013_closed_problems
3,Tax,0.5946122307241616,2,bpi_challenge_2013_closed_problems
4,Tax,0.6014940223813411,0,bpi_challenge_2013_closed_problems
5,Tax,0.8252533382268635,4,bpi_challenge_2012_w
6,Tax,0.8392767804133286,3,bpi_challenge_2012_w
7,Tax,0.8348249813285311,1,bpi_challenge_2012_w
8,Tax,0.826740996429422,2,bpi_challenge_2012_w
9,Tax,0.8362754421584947,0,bpi_challenge_2012_w
10,Tax,0.8931541687237524,1,nasa
11,Tax,0.8864061610410333,0,nasa
12,Tax,0.8874695793854168,2,nasa
13,Tax,0.8819017245383227,4,nasa
14,Tax,0.8825057093797594,3,nasa
15,Tax,0.6819425706668707,2,bpi_challenge_2012_w_complete
16,Tax,0.6771680539774797,0,bpi_challenge_2012_w_complete
17,Tax,0.6906364785569905,1,bpi_challenge_2012_w_complete
18,Tax,0.6661243963243373,4,bpi_challenge_2012_w_complete
19,Tax,0.6954700263266591,3,bpi_challenge_2012_w_complete
20,Tax,0.7589441336322509,0,bpi_challenge_2012_complete
21,Tax,0.7639502268870387,3,bpi_challenge_2012_complete
22,Tax,0.7723373416770198,2,bpi_challenge_2012_complete
23,Tax,0.7688968773514191,4,bpi_challenge_2012_complete
24,Tax,0.7691376092043093,1,bpi_challenge_2012_complete
25,Tax,0.8369613303516883,3,bpi_challenge_2012
26,Tax,0.8451883987635096,2,bpi_challenge_2012
27,Tax,0.8483258114270568,4,bpi_challenge_2012
28,Tax,0.8453811514340565,1,bpi_challenge_2012
29,Tax,0.8361900502816276,0,bpi_challenge_2012
30,Tax,0.6894346198254816,2,bpi_challenge_2013_incidents
31,Tax,0.6814644482193037,3,bpi_challenge_2013_incidents
32,Tax,0.6803059569103591,1,bpi_challenge_2013_incidents
33,Tax,0.680838877169439,4,bpi_challenge_2013_incidents
34,Tax,0.6871874793058245,0,bpi_challenge_2013_incidents
35,Tax,0.8041439325609765,1,bpi_challenge_2012_o
36,Tax,0.8072454483783705,3,bpi_challenge_2012_o
37,Tax,0.8009375131575218,0,bpi_challenge_2012_o
38,Tax,0.8102708959749514,4,bpi_challenge_2012_o
39,Tax,0.7643837465431368,2,bpi_challenge_2012_o
40,Tax,0.8304949458152298,4,env_permit
41,Tax,0.8450554814291844,2,env_permit
42,Tax,0.8539790409357152,3,env_permit
43,Tax,0.8434060313884457,1,env_permit
44,Tax,0.8387352876567653,0,env_permit
45,Tax,0.6451104515830286,0,sepsis
46,Tax,0.6303574107128594,3,sepsis
47,Tax,0.6252361293801132,2,sepsis
48,Tax,0.6415583095306351,4,sepsis
49,Tax,0.624267920054852,1,sepsis
50,Tax,0.7550497503855538,4,bpi_challenge_2012_a
51,Tax,0.7591899486410854,0,bpi_challenge_2012_a
52,Tax,0.72205850655048,3,bpi_challenge_2012_a
53,Tax,0.7600266494123056,2,bpi_challenge_2012_a
54,Tax,0.7552267836890318,1,bpi_challenge_2012_a
55,Tax,0.8108169416590318,0,helpdesk
56,Tax,0.8093651834288632,1,helpdesk
57,Tax,0.8118394498815601,4,helpdesk
58,Tax,0.7921920730361937,3,helpdesk
59,Tax,0.8062223540244182,2,helpdesk
60,Evermann,0.5293931115043801,2,bpi_challenge_2013_closed_problems
61,Evermann,0.5297091517657361,1,bpi_challenge_2013_closed_problems
62,Evermann,0.4841480719838507,3,bpi_challenge_2013_closed_problems
63,Evermann,0.4948208989973508,4,bpi_challenge_2013_closed_problems
64,Evermann,0.4848569699721995,0,bpi_challenge_2013_closed_problems
65,Evermann,0.6732879497202052,1,bpi_challenge_2012_w
66,Evermann,0.6689632085888634,2,bpi_challenge_2012_w
67,Evermann,0.6684151278910362,3,bpi_challenge_2012_w
68,Evermann,0.6644635220550942,4,bpi_challenge_2012_w
69,Evermann,0.6649328047334571,0,bpi_challenge_2012_w
70,Evermann,0.11505826963943681,2,nasa
71,Evermann,0.07007557891719356,1,nasa
72,Evermann,0.11614222327169246,0,nasa
73,Evermann,0.161178498415546,3,nasa
74,Evermann,0.15377073934972751,4,nasa
75,Evermann,0.6116199478041711,3,bpi_challenge_2012_w_complete
76,Evermann,0.6072327399215951,0,bpi_challenge_2012_w_complete
77,Evermann,0.6217855421095356,1,bpi_challenge_2012_w_complete
78,Evermann,0.6041576014246218,4,bpi_challenge_2012_w_complete
79,Evermann,0.6080687209547501,2,bpi_challenge_2012_w_complete
80,Evermann,0.534574001925997,4,bpi_challenge_2012_complete
81,Evermann,0.5304824494062196,0,bpi_challenge_2012_complete
82,Evermann,0.5348911533536284,3,bpi_challenge_2012_complete
83,Evermann,0.5294471157368114,1,bpi_challenge_2012_complete
84,Evermann,0.5379191855768384,2,bpi_challenge_2012_complete
85,Evermann,0.5164898104378151,3,bpi_challenge_2012
86,Evermann,0.48882181508539807,2,bpi_challenge_2012
87,Evermann,0.5195952403503664,0,bpi_challenge_2012
88,Evermann,0.5083505539649507,1,bpi_challenge_2012
89,Evermann,0.48862637171553397,4,bpi_challenge_2012
90,Evermann,0.5819494995708152,0,bpi_challenge_2013_incidents
91,Evermann,0.5863243481854455,4,bpi_challenge_2013_incidents
92,Evermann,0.5856499765243122,2,bpi_challenge_2013_incidents
93,Evermann,0.5844363793502169,1,bpi_challenge_2013_incidents
94,Evermann,0.5861433657498321,3,bpi_challenge_2013_incidents
95,Evermann,0.7743340912227192,0,bpi_challenge_2012_o
96,Evermann,0.7758636717462236,1,bpi_challenge_2012_o
97,Evermann,0.7744289689841953,2,bpi_challenge_2012_o
98,Evermann,0.7775464146099997,3,bpi_challenge_2012_o
99,Evermann,0.773341100262659,4,bpi_challenge_2012_o
100,Evermann,0.7686840308313516,3,env_permit
101,Evermann,0.7500745693124583,4,env_permit
102,Evermann,0.7312041479683556,2,env_permit
103,Evermann,0.7199702699143472,1,env_permit
104,Evermann,0.7265909047404522,0,env_permit
105,Evermann,0.3063186175195408,2,sepsis
106,Evermann,0.297850507354685,3,sepsis
107,Evermann,0.30588334453588845,4,sepsis
108,Evermann,0.29037987026047557,0,sepsis
109,Evermann,0.31486688428491405,1,sepsis
110,Evermann,0.6824376065703013,4,bpi_challenge_2012_a
111,Evermann,0.6852704994164209,0,bpi_challenge_2012_a
112,Evermann,0.6879811536226611,2,bpi_challenge_2012_a
113,Evermann,0.7012351281546586,3,bpi_challenge_2012_a
114,Evermann,0.6936003631977066,1,bpi_challenge_2012_a
115,Evermann,0.8038044287162871,1,helpdesk
116,Evermann,0.8017336251230025,0,helpdesk
117,Evermann,0.7994908570939808,2,helpdesk
118,Evermann,0.8103042805116454,4,helpdesk
119,Evermann,0.7866330627682219,3,helpdesk
120,Pasquadibisceglie,0.4348343313841594,1,bpi_challenge_2013_closed_problems
121,Pasquadibisceglie,0.4509559444810205,3,bpi_challenge_2013_closed_problems
122,Pasquadibisceglie,0.45011761926987837,2,bpi_challenge_2013_closed_problems
123,Pasquadibisceglie,0.3973480133659396,0,bpi_challenge_2013_closed_problems
124,Pasquadibisceglie,0.400430305072585,4,bpi_challenge_2013_closed_problems
125,Pasquadibisceglie,0.7745161166069958,1,bpi_challenge_2012_w
126,Pasquadibisceglie,0.7732942546942371,3,bpi_challenge_2012_w
127,Pasquadibisceglie,0.774929009503874,0,bpi_challenge_2012_w
128,Pasquadibisceglie,0.77883026719305,4,bpi_challenge_2012_w
129,Pasquadibisceglie,0.7743168020052319,2,bpi_challenge_2012_w
130,Pasquadibisceglie,0.8683380444204812,3,nasa
131,Pasquadibisceglie,0.8792294916013836,2,nasa
132,Pasquadibisceglie,0.8758186156950277,1,nasa
133,Pasquadibisceglie,0.8791406520552584,4,nasa
134,Pasquadibisceglie,0.8686756245613918,0,nasa
135,Pasquadibisceglie,0.6406314927061789,4,bpi_challenge_2012_w_complete
136,Pasquadibisceglie,0.6278843783323472,0,bpi_challenge_2012_w_complete
137,Pasquadibisceglie,0.6387613768662483,3,bpi_challenge_2012_w_complete
138,Pasquadibisceglie,0.6434289931780459,1,bpi_challenge_2012_w_complete
139,Pasquadibisceglie,0.6377572581097375,2,bpi_challenge_2012_w_complete
140,Pasquadibisceglie,0.6980432085445484,3,bpi_challenge_2012_complete
141,Pasquadibisceglie,0.7050683569437864,2,bpi_challenge_2012_complete
142,Pasquadibisceglie,0.7005473439634353,0,bpi_challenge_2012_complete
143,Pasquadibisceglie,0.6990121108301265,1,bpi_challenge_2012_complete
144,Pasquadibisceglie,0.7049434461918971,4,bpi_challenge_2012_complete
145,Pasquadibisceglie,0.8079174895936061,4,bpi_challenge_2012
146,Pasquadibisceglie,0.8019206787545251,0,bpi_challenge_2012
147,Pasquadibisceglie,0.8121587698590392,3,bpi_challenge_2012
148,Pasquadibisceglie,0.8006453209567802,1,bpi_challenge_2012
149,Pasquadibisceglie,0.8109060139394199,2,bpi_challenge_2012
150,Pasquadibisceglie,0.3634397875675276,2,bpi_challenge_2013_incidents
151,Pasquadibisceglie,0.3771970470430983,0,bpi_challenge_2013_incidents
152,Pasquadibisceglie,0.3705909530996696,4,bpi_challenge_2013_incidents
153,Pasquadibisceglie,0.3706059923981129,1,bpi_challenge_2013_incidents
154,Pasquadibisceglie,0.38869608687753715,3,bpi_challenge_2013_incidents
155,Pasquadibisceglie,0.7621715016441316,0,bpi_challenge_2012_o
156,Pasquadibisceglie,0.763079473552446,4,bpi_challenge_2012_o
157,Pasquadibisceglie,0.7672233210531882,1,bpi_challenge_2012_o
158,Pasquadibisceglie,0.768338123773579,2,bpi_challenge_2012_o
159,Pasquadibisceglie,0.7674957039139889,3,bpi_challenge_2012_o
160,Pasquadibisceglie,0.8463027468896107,0,env_permit
161,Pasquadibisceglie,0.843403227477953,4,env_permit
162,Pasquadibisceglie,0.8421509942940427,2,env_permit
163,Pasquadibisceglie,0.8486256061209069,1,env_permit
164,Pasquadibisceglie,0.8652383910494019,3,env_permit
165,Pasquadibisceglie,0.5339729590620047,1,sepsis
166,Pasquadibisceglie,0.5324475500864733,2,sepsis
167,Pasquadibisceglie,0.5129881587374914,3,sepsis
168,Pasquadibisceglie,0.5523013981774748,4,sepsis
169,Pasquadibisceglie,0.549997438207433,0,sepsis
170,Pasquadibisceglie,0.6824157443970333,3,bpi_challenge_2012_a
171,Pasquadibisceglie,0.6946902484953787,2,bpi_challenge_2012_a
172,Pasquadibisceglie,0.6867978403007649,0,bpi_challenge_2012_a
173,Pasquadibisceglie,0.681355626196466,4,bpi_challenge_2012_a
174,Pasquadibisceglie,0.6876866035102114,1,bpi_challenge_2012_a
175,Pasquadibisceglie,0.8046279307083849,1,helpdesk
176,Pasquadibisceglie,0.8014570208904805,4,helpdesk
177,Pasquadibisceglie,0.800293146425775,2,helpdesk
178,Pasquadibisceglie,0.7818688568607245,3,helpdesk
179,Pasquadibisceglie,0.808540189493031,0,helpdesk
180,Mauro,0.1006750543856108,3,bpi_challenge_2013_closed_problems
181,Mauro,0.0896030761807616,4,bpi_challenge_2013_closed_problems
182,Mauro,0.09331609014276349,0,bpi_challenge_2013_closed_problems
183,Mauro,0.11222019301655384,2,bpi_challenge_2013_closed_problems
184,Mauro,0.10523053706647985,1,bpi_challenge_2013_closed_problems
185,Mauro,0.8296733639951688,3,bpi_challenge_2012_w
186,Mauro,0.8265789290571839,4,bpi_challenge_2012_w
187,Mauro,0.8325107974569323,2,bpi_challenge_2012_w
188,Mauro,0.8319340031205559,0,bpi_challenge_2012_w
189,Mauro,0.8344918936006006,1,bpi_challenge_2012_w
190,Mauro,0.3738220081096208,3,nasa
191,Mauro,0.12329896604384606,2,nasa
192,Mauro,0.11979391829910685,1,nasa
193,Mauro,0.12263794474869302,4,nasa
194,Mauro,0.10375076808106697,0,nasa
195,Mauro,0.6547566880411724,4,bpi_challenge_2012_w_complete
196,Mauro,0.6533990599827927,0,bpi_challenge_2012_w_complete
197,Mauro,0.6584071062720825,1,bpi_challenge_2012_w_complete
198,Mauro,0.655179763046302,3,bpi_challenge_2012_w_complete
199,Mauro,0.6368912502849617,2,bpi_challenge_2012_w_complete
200,Mauro,0.7662674644298146,1,bpi_challenge_2012_complete
201,Mauro,0.7622069635199478,0,bpi_challenge_2012_complete
202,Mauro,0.7664716505445429,3,bpi_challenge_2012_complete
203,Mauro,0.7636232486455441,4,bpi_challenge_2012_complete
204,Mauro,0.7669020395436044,2,bpi_challenge_2012_complete
205,Mauro,0.7936720692569152,1,bpi_challenge_2012
206,Mauro,0.8370100387782009,0,bpi_challenge_2012
207,Mauro,0.8399958574491578,3,bpi_challenge_2012
208,Mauro,0.8404017175722264,4,bpi_challenge_2012
209,Mauro,0.8392892312256095,2,bpi_challenge_2012
210,Mauro,0.3495842684884077,2,bpi_challenge_2013_incidents
211,Mauro,0.3524136895235904,0,bpi_challenge_2013_incidents
212,Mauro,0.37296853504631194,4,bpi_challenge_2013_incidents
213,Mauro,0.3586370267348715,1,bpi_challenge_2013_incidents
214,Mauro,0.37626231735039495,3,bpi_challenge_2013_incidents
215,Mauro,0.8034990635049296,4,bpi_challenge_2012_o
216,Mauro,0.8150824195533758,1,bpi_challenge_2012_o
217,Mauro,0.8079008488888666,3,bpi_challenge_2012_o
218,Mauro,0.8030744737272917,0,bpi_challenge_2012_o
219,Mauro,0.8121167691562748,2,bpi_challenge_2012_o
220,Mauro,0.5144504350784292,0,env_permit
221,Mauro,0.5234755994153482,4,env_permit
222,Mauro,0.5265781368606447,2,env_permit
223,Mauro,0.5131124515473402,1,env_permit
224,Mauro,0.5438907158785389,3,env_permit
225,Mauro,0.5689371057867701,2,sepsis
226,Mauro,0.6348948789042568,0,sepsis
227,Mauro,0.5605019500974746,3,sepsis
228,Mauro,0.634656213939361,4,sepsis
229,Mauro,0.6103559485548721,1,sepsis
230,Mauro,0.7551696017817088,4,bpi_challenge_2012_a
231,Mauro,0.7520269777927604,1,bpi_challenge_2012_a
232,Mauro,0.7537211517533656,0,bpi_challenge_2012_a
233,Mauro,0.7531833501776437,3,bpi_challenge_2012_a
234,Mauro,0.7594236223383038,2,bpi_challenge_2012_a
235,Mauro,0.22502359910818562,1,helpdesk
236,Mauro,0.3808760019007912,4,helpdesk
237,Mauro,0.22296572694978542,0,helpdesk
238,Mauro,0.3659292463518536,3,helpdesk
239,Mauro,0.22421320414788154,2,helpdesk
240,Hinkka,0.5895748863883751,4,bpi_challenge_2013_closed_problems
241,Hinkka,0.6146711357956348,0,bpi_challenge_2013_closed_problems
242,Hinkka,0.49270209997452025,1,bpi_challenge_2013_closed_problems
243,Hinkka,0.6133664053163657,3,bpi_challenge_2013_closed_problems
244,Hinkka,0.5430401873342315,2,bpi_challenge_2013_closed_problems
245,Hinkka,0.8204420453139154,1,bpi_challenge_2012_w
246,Hinkka,0.8140673711175452,3,bpi_challenge_2012_w
247,Hinkka,0.817294850653486,0,bpi_challenge_2012_w
248,Hinkka,0.81431389721796,2,bpi_challenge_2012_w
249,Hinkka,0.8147476442187164,4,bpi_challenge_2012_w
250,Hinkka,0.8726768516569833,0,nasa
251,Hinkka,0.8824865124687873,4,nasa
252,Hinkka,0.8735021837431117,2,nasa
253,Hinkka,0.8859021798182699,3,nasa
254,Hinkka,0.872037815899462,1,nasa
255,Hinkka,0.6842097299636791,1,bpi_challenge_2012_w_complete
256,Hinkka,0.6754012317109515,4,bpi_challenge_2012_w_complete
257,Hinkka,0.6740974891884766,3,bpi_challenge_2012_w_complete
258,Hinkka,0.6697019745417424,0,bpi_challenge_2012_w_complete
259,Hinkka,0.6767262206284956,2,bpi_challenge_2012_w_complete
260,Hinkka,0.7731803993430992,1,bpi_challenge_2012_complete
261,Hinkka,0.7733173043543413,2,bpi_challenge_2012_complete
262,Hinkka,0.7745569376216881,4,bpi_challenge_2012_complete
263,Hinkka,0.7704994784136624,0,bpi_challenge_2012_complete
264,Hinkka,0.7693674012591708,3,bpi_challenge_2012_complete
265,Hinkka,0.852441306672239,4,bpi_challenge_2012
266,Hinkka,0.8500042965335549,0,bpi_challenge_2012
267,Hinkka,0.8530877645795127,1,bpi_challenge_2012
268,Hinkka,0.8524746729803518,2,bpi_challenge_2012
269,Hinkka,0.8521344273306186,3,bpi_challenge_2012
270,Hinkka,0.7331381222619616,1,bpi_challenge_2013_incidents
271,Hinkka,0.7315851956529353,0,bpi_challenge_2013_incidents
272,Hinkka,0.7328940313297425,2,bpi_challenge_2013_incidents
273,Hinkka,0.717186263182947,3,bpi_challenge_2013_incidents
274,Hinkka,0.7369227800653002,4,bpi_challenge_2013_incidents
275,Hinkka,0.8756141601409232,1,bpi_challenge_2012_o
276,Hinkka,0.8772998007348801,2,bpi_challenge_2012_o
277,Hinkka,0.87706250054695,0,bpi_challenge_2012_o
278,Hinkka,0.8752203543174475,3,bpi_challenge_2012_o
279,Hinkka,0.8772207687804785,4,bpi_challenge_2012_o
280,Hinkka,0.8436917514958936,3,env_permit
281,Hinkka,0.8200927661631915,1,env_permit
282,Hinkka,0.8250391065931656,0,env_permit
283,Hinkka,0.8095937313927087,2,env_permit
284,Hinkka,0.8243283413823289,4,env_permit
285,Hinkka,0.5920873270364829,1,sepsis
286,Hinkka,0.6228086378826131,4,sepsis
287,Hinkka,0.610628882918481,2,sepsis
288,Hinkka,0.6171695286571515,0,sepsis
289,Hinkka,0.6189728132129085,3,sepsis
290,Hinkka,0.7874145532353348,0,bpi_challenge_2012_a
291,Hinkka,0.7866760542706528,4,bpi_challenge_2012_a
292,Hinkka,0.7870024870678535,3,bpi_challenge_2012_a
293,Hinkka,0.7917203720922653,2,bpi_challenge_2012_a
294,Hinkka,0.7885583039892942,1,bpi_challenge_2012_a
295,Hinkka,0.782927017469957,3,helpdesk
296,Hinkka,0.7963623115841006,2,helpdesk
297,Hinkka,0.80061278181597,1,helpdesk
298,Hinkka,0.805339032410266,4,helpdesk
299,Hinkka,0.7998422672362996,0,helpdesk
300,Theis_resource,0.4843136520680233,1,bpi_challenge_2013_closed_problems
301,Theis_resource,0.4976797266630256,2,bpi_challenge_2013_closed_problems
302,Theis_resource,0.5131567212041729,4,bpi_challenge_2013_closed_problems
303,Theis_resource,0.5601693685865747,3,bpi_challenge_2013_closed_problems
304,Theis_resource,0.4952795896994217,0,bpi_challenge_2013_closed_problems
305,Theis_resource,0.8299920385872902,2,bpi_challenge_2012_w
306,Theis_resource,0.8235267858494768,1,bpi_challenge_2012_w
307,Theis_resource,0.83471502890575,4,bpi_challenge_2012_w
308,Theis_resource,0.8427806344533536,3,bpi_challenge_2012_w
309,Theis_resource,0.8380932999474217,0,bpi_challenge_2012_w
310,Theis_resource,0.8480088403981195,3,nasa
311,Theis_resource,0.85006133802025,0,nasa
312,Theis_resource,0.8491611445563265,1,nasa
313,Theis_resource,0.8506683631022598,2,nasa
314,Theis_resource,0.8443168339333581,4,nasa
315,Theis_resource,0.8331028235661667,4,bpi_challenge_2012_w_complete
316,Theis_resource,0.8471595878827751,2,bpi_challenge_2012_w_complete
317,Theis_resource,0.8289410625874275,1,bpi_challenge_2012_w_complete
318,Theis_resource,0.8325726003950359,3,bpi_challenge_2012_w_complete
319,Theis_resource,0.833317308413701,0,bpi_challenge_2012_w_complete
320,Theis_resource,0.7047493552685424,0,bpi_challenge_2012_complete
321,Theis_resource,0.7039899981310401,3,bpi_challenge_2012_complete
322,Theis_resource,0.7118105262655663,2,bpi_challenge_2012_complete
323,Theis_resource,0.7094596890759625,4,bpi_challenge_2012_complete
324,Theis_resource,0.7102803629302415,1,bpi_challenge_2012_complete
325,Theis_resource,0.7809752580327665,4,bpi_challenge_2012
326,Theis_resource,0.7842129037428797,0,bpi_challenge_2012
327,Theis_resource,0.7741554687714836,3,bpi_challenge_2012
328,Theis_resource,0.7772040730289825,1,bpi_challenge_2012
329,Theis_resource,0.7896687918012767,2,bpi_challenge_2012
330,Theis_resource,0.4869181762377182,0,bpi_challenge_2013_incidents
331,Theis_resource,0.49409896765192707,2,bpi_challenge_2013_incidents
332,Theis_resource,0.5062035779137857,4,bpi_challenge_2013_incidents
333,Theis_resource,0.48619198756427745,1,bpi_challenge_2013_incidents
334,Theis_resource,0.47180892842808314,3,bpi_challenge_2013_incidents
335,Theis_resource,0.7394233317167944,3,bpi_challenge_2012_o
336,Theis_resource,0.7288573902562103,4,bpi_challenge_2012_o
337,Theis_resource,0.744190347471235,1,bpi_challenge_2012_o
338,Theis_resource,0.7364900634542441,2,bpi_challenge_2012_o
339,Theis_resource,0.7439522516279116,0,bpi_challenge_2012_o
340,Theis_resource,0.8443227689999024,3,env_permit
341,Theis_resource,0.8272143327306756,4,env_permit
342,Theis_resource,0.8347388628355933,1,env_permit
343,Theis_resource,0.8356659208409534,0,env_permit
344,Theis_resource,0.8294948248365815,2,env_permit
345,Theis_resource,0.5763839099515925,4,sepsis
346,Theis_resource,0.5548791354479737,3,sepsis
347,Theis_resource,0.5223126259746321,1,sepsis
348,Theis_resource,0.5606003053226556,2,sepsis
349,Theis_resource,0.5741888433488893,0,sepsis
350,Theis_resource,0.5748489083598618,4,bpi_challenge_2012_a
351,Theis_resource,0.5876127921792601,2,bpi_challenge_2012_a
352,Theis_resource,0.5750911857192726,1,bpi_challenge_2012_a
353,Theis_resource,0.5688610868958593,3,bpi_challenge_2012_a
354,Theis_resource,0.5866042377930353,0,bpi_challenge_2012_a
355,Theis_resource,0.7404439950261068,3,helpdesk
356,Theis_resource,0.7491867750892118,2,helpdesk
357,Theis_resource,0.7597040981474492,0,helpdesk
358,Theis_resource,0.762025135744286,1,helpdesk
359,Theis_resource,0.7666041551213059,4,helpdesk
360,Theis_no_resource,0.5057342527222046,1,bpi_challenge_2013_closed_problems
361,Theis_no_resource,0.49271376937480454,2,bpi_challenge_2013_closed_problems
362,Theis_no_resource,0.5456598402961002,4,bpi_challenge_2013_closed_problems
363,Theis_no_resource,0.5736949978938392,3,bpi_challenge_2013_closed_problems
364,Theis_no_resource,0.5508279940283402,0,bpi_challenge_2013_closed_problems
365,Theis_no_resource,0.8288170434533927,2,bpi_challenge_2012_w
366,Theis_no_resource,0.8297398913789168,1,bpi_challenge_2012_w
367,Theis_no_resource,0.8012741705107927,4,bpi_challenge_2012_w
368,Theis_no_resource,0.7836513832003291,3,bpi_challenge_2012_w
369,Theis_no_resource,0.8305351977108073,0,bpi_challenge_2012_w
370,Theis_no_resource,0.8809239144445161,3,nasa
371,Theis_no_resource,0.8803591093738948,0,nasa
372,Theis_no_resource,0.8762563422225461,1,nasa
373,Theis_no_resource,0.8807829572554825,2,nasa
374,Theis_no_resource,0.8817327515010605,4,nasa
375,Theis_no_resource,0.7697522615816136,4,bpi_challenge_2012_w_complete
376,Theis_no_resource,0.7867688463852719,2,bpi_challenge_2012_w_complete
377,Theis_no_resource,0.7732113456279005,1,bpi_challenge_2012_w_complete
378,Theis_no_resource,0.7784013568743435,3,bpi_challenge_2012_w_complete
379,Theis_no_resource,0.7688920668829059,0,bpi_challenge_2012_w_complete
380,Theis_no_resource,0.6972556008293325,0,bpi_challenge_2012_complete
381,Theis_no_resource,0.6990946313338733,3,bpi_challenge_2012_complete
382,Theis_no_resource,0.7057854067065775,2,bpi_challenge_2012_complete
383,Theis_no_resource,0.7042942435553413,4,bpi_challenge_2012_complete
384,Theis_no_resource,0.7035471898130753,1,bpi_challenge_2012_complete
385,Theis_no_resource,0.7990650406406544,4,bpi_challenge_2012
386,Theis_no_resource,0.7942538393694769,0,bpi_challenge_2012
387,Theis_no_resource,0.7731787796560639,3,bpi_challenge_2012
388,Theis_no_resource,0.801363783555106,1,bpi_challenge_2012
389,Theis_no_resource,0.7985781483972615,2,bpi_challenge_2012
390,Theis_no_resource,0.5467346644088422,0,bpi_challenge_2013_incidents
391,Theis_no_resource,0.5500195464323684,2,bpi_challenge_2013_incidents
392,Theis_no_resource,0.5417065660949935,4,bpi_challenge_2013_incidents
393,Theis_no_resource,0.5464576022881877,1,bpi_challenge_2013_incidents
394,Theis_no_resource,0.5512576430817956,3,bpi_challenge_2013_incidents
395,Theis_no_resource,0.7537717948512092,3,bpi_challenge_2012_o
396,Theis_no_resource,0.752292495396742,4,bpi_challenge_2012_o
397,Theis_no_resource,0.7564309393860956,1,bpi_challenge_2012_o
398,Theis_no_resource,0.7503215433656609,2,bpi_challenge_2012_o
399,Theis_no_resource,0.7508705702685101,0,bpi_challenge_2012_o
400,Theis_no_resource,0.8438577496629953,3,env_permit
401,Theis_no_resource,0.8514750740877224,4,env_permit
402,Theis_no_resource,0.8398979066350909,1,env_permit
403,Theis_no_resource,0.8414241496097392,0,env_permit
404,Theis_no_resource,0.8496626464327096,2,env_permit
405,Theis_no_resource,0.5427510329776838,4,sepsis
406,Theis_no_resource,0.5086710360160328,3,sepsis
407,Theis_no_resource,0.48251414461169995,1,sepsis
408,Theis_no_resource,0.5173915969511915,2,sepsis
409,Theis_no_resource,0.5779717401766037,0,sepsis
410,Theis_no_resource,0.5793922363751607,4,bpi_challenge_2012_a
411,Theis_no_resource,0.5468071446857299,2,bpi_challenge_2012_a
412,Theis_no_resource,0.5761743730326604,1,bpi_challenge_2012_a
413,Theis_no_resource,0.5714877601117065,3,bpi_challenge_2012_a
414,Theis_no_resource,0.5881451613734445,0,bpi_challenge_2012_a
415,Theis_no_resource,0.7092807029506759,3,helpdesk
416,Theis_no_resource,0.734042884194706,2,helpdesk
417,Theis_no_resource,0.7402023950578455,0,helpdesk
418,Theis_no_resource,0.7400611675653179,1,helpdesk
419,Theis_no_resource,0.7319939462679292,4,helpdesk
420,Camargo,0.4972751544492658,0,bpi_challenge_2013_closed_problems
421,Camargo,0.5222472667635244,1,bpi_challenge_2013_closed_problems
422,Camargo,0.5282061206290036,2,bpi_challenge_2013_closed_problems
423,Camargo,0.547260369660027,3,bpi_challenge_2013_closed_problems
424,Camargo,0.5192864027574811,4,bpi_challenge_2013_closed_problems
425,Camargo,0.7787000155955501,0,bpi_challenge_2012_w
426,Camargo,0.783363300525221,1,bpi_challenge_2012_w
427,Camargo,0.6692609291001622,2,bpi_challenge_2012_w
428,Camargo,0.7923114758009747,3,bpi_challenge_2012_w
429,Camargo,0.6513651999941704,4,bpi_challenge_2012_w
430,Camargo,0.5900473899205403,0,bpi_challenge_2012_w_complete
431,Camargo,0.6237721354739789,1,bpi_challenge_2012_w_complete
432,Camargo,0.7232888753942227,2,bpi_challenge_2012_w_complete
433,Camargo,0.6485633337969277,3,bpi_challenge_2012_w_complete
434,Camargo,0.7136604133495497,4,bpi_challenge_2012_w_complete
435,Camargo,0.7364963619560587,0,bpi_challenge_2012_complete
436,Camargo,0.7363236025330959,1,bpi_challenge_2012_complete
437,Camargo,0.7381015959045641,2,bpi_challenge_2012_complete
438,Camargo,0.7337017463959151,3,bpi_challenge_2012_complete
439,Camargo,0.7351578346141158,4,bpi_challenge_2012_complete
440,Camargo,0.8020102496206857,0,bpi_challenge_2012
441,Camargo,0.8098242057078884,1,bpi_challenge_2012
442,Camargo,0.8183929534349983,2,bpi_challenge_2012
443,Camargo,0.8149881913913527,3,bpi_challenge_2012
444,Camargo,0.8092868439845575,4,bpi_challenge_2012
445,Camargo,0.6173183562661999,0,bpi_challenge_2013_incidents
446,Camargo,0.6113362534517294,1,bpi_challenge_2013_incidents
447,Camargo,0.6106516254963393,2,bpi_challenge_2013_incidents
448,Camargo,0.6165827273944322,3,bpi_challenge_2013_incidents
449,Camargo,0.615564317775521,4,bpi_challenge_2013_incidents
450,Camargo,0.8134669670866129,0,bpi_challenge_2012_o
451,Camargo,0.8142542056026285,1,bpi_challenge_2012_o
452,Camargo,0.791018873308647,2,bpi_challenge_2012_o
453,Camargo,0.8188277300034623,3,bpi_challenge_2012_o
454,Camargo,0.8051173566225045,4,bpi_challenge_2012_o
455,Camargo,0.8386351621352589,0,env_permit
456,Camargo,0.8457579876005712,1,env_permit
457,Camargo,0.8457370918477635,2,env_permit
458,Camargo,0.8694161083153574,3,env_permit
459,Camargo,0.8546314511490908,4,env_permit
460,Camargo,0.6950176708483117,0,bpi_challenge_2012_a
461,Camargo,0.7189348324590871,1,bpi_challenge_2012_a
462,Camargo,0.682803412247415,2,bpi_challenge_2012_a
463,Camargo,0.7219584157741944,3,bpi_challenge_2012_a
464,Camargo,0.7039368538923716,4,bpi_challenge_2012_a
465,Camargo,0.8013119791720872,0,helpdesk
466,Camargo,0.8005063496300909,1,helpdesk
467,Camargo,0.7965526631786917,2,helpdesk
468,Camargo,0.7813722604311314,3,helpdesk
469,Camargo,0.8059726325177372,4,helpdesk
470,Khan,0.24192905048627178,4,bpi_challenge_2013_closed_problems
471,Khan,0.37338730288473215,0,bpi_challenge_2013_closed_problems
472,Khan,0.4341663610633548,1,bpi_challenge_2013_closed_problems
473,Khan,0.3978726322622985,3,bpi_challenge_2013_closed_problems
474,Khan,0.39514809582905014,2,bpi_challenge_2013_closed_problems
475,Khan,0.4202522888749236,1,bpi_challenge_2012_w
476,Khan,0.6073118430464143,3,bpi_challenge_2012_w
477,Khan,0.7195330234623745,0,bpi_challenge_2012_w
478,Khan,0.6447226534996598,2,bpi_challenge_2012_w
479,Khan,0.6514659384896151,4,bpi_challenge_2012_w
480,Khan,0.0718211105348397,0,nasa
481,Khan,0.08509095056673008,4,nasa
482,Khan,0.12586264810887388,2,nasa
483,Khan,0.11595759929511638,3,nasa
484,Khan,0.13114110944773105,1,nasa
485,Khan,0.7113728559081129,1,bpi_challenge_2012_w_complete
486,Khan,0.6398532303190735,4,bpi_challenge_2012_w_complete
487,Khan,0.49847630922606423,3,bpi_challenge_2012_w_complete
488,Khan,0.30675979979431445,0,bpi_challenge_2012_w_complete
489,Khan,0.3513489812350709,2,bpi_challenge_2012_w_complete
490,Khan,0.3452955195213961,1,bpi_challenge_2012_complete
491,Khan,0.5208885990609698,2,bpi_challenge_2012_complete
492,Khan,0.553723323309418,4,bpi_challenge_2012_complete
493,Khan,0.32202488493135817,0,bpi_challenge_2012_complete
494,Khan,0.5453897193685976,3,bpi_challenge_2012_complete
495,Khan,0.7228730404157667,4,bpi_challenge_2012
496,Khan,0.1309810928003953,0,bpi_challenge_2012
497,Khan,0.0015990073779222934,1,bpi_challenge_2012
498,Khan,0.49502216709978236,2,bpi_challenge_2012
499,Khan,0.7750503701521365,3,bpi_challenge_2012
500,Khan,0.45338484998408457,1,bpi_challenge_2013_incidents
501,Khan,0.45983951944901574,0,bpi_challenge_2013_incidents
502,Khan,0.2546267693392187,2,bpi_challenge_2013_incidents
503,Khan,0.5318898363557929,3,bpi_challenge_2013_incidents
504,Khan,0.4684353194915402,4,bpi_challenge_2013_incidents
505,Khan,0.7979910679201135,1,bpi_challenge_2012_o
506,Khan,0.7054708814920192,2,bpi_challenge_2012_o
507,Khan,0.7878523813826299,0,bpi_challenge_2012_o
508,Khan,0.32758264022622846,3,bpi_challenge_2012_o
509,Khan,0.5683036468921634,4,bpi_challenge_2012_o
510,Khan,0.8359781521497536,3,env_permit
511,Khan,0.8259763641609466,1,env_permit
512,Khan,0.8147996353303131,0,env_permit
513,Khan,0.8142293099537122,2,env_permit
514,Khan,0.8179846128511885,4,env_permit
515,Khan,0.17171439749390033,1,sepsis
516,Khan,0.0738390163488498,4,sepsis
517,Khan,0.19210423768603668,2,sepsis
518,Khan,0.24676213964617974,0,sepsis
519,Khan,0.19727954010860332,3,sepsis
520,Khan,0.7001402857024964,0,bpi_challenge_2012_a
521,Khan,0.6907045023772383,4,bpi_challenge_2012_a
522,Khan,0.6735688449418501,3,bpi_challenge_2012_a
523,Khan,0.6941877999160061,2,bpi_challenge_2012_a
524,Khan,0.6908352837185627,1,bpi_challenge_2012_a
525,Khan,0.7344054069161884,3,helpdesk
526,Khan,0.7552077264947563,2,helpdesk
527,Khan,0.7561401352346314,1,helpdesk
528,Khan,0.7616520265305592,4,helpdesk
529,Khan,0.7593931207199909,0,helpdesk
